date,ticker,open,high,low,close,volume
2020-01-06,AAPL,151.4808,156.6507,140.8105,144.0928,22741608
2020-01-06,AMZN,3268.1421,3336.6233,3032.764,3079.549,54186544
2020-01-06,BRK-B,279.9562,291.5911,279.311,285.1435,35907417
2020-01-06,GOOGL,2816.614,2897.1033,2779.8906,2874.8112,62619291
2020-01-06,HD,319.5994,327.0506,307.4503,321.8066,67908712
2020-01-06,JNJ,170.4239,171.3271,166.6691,167.0095,12967574
2020-01-06,JPM,160.2356,164.8642,159.119,163.6678,40145302
2020-01-06,MA,361.1337,362.2788,346.3255,348.4562,26146353
2020-01-06,META,329.8062,330.1086,327.2809,329.6742,21591690
2020-01-06,MSFT,251.5175,252.3789,241.1423,243.2591,89365933
2020-01-06,NVDA,220.6342,231.3889,214.0954,220.9694,44800525
2020-01-06,PG,145.1187,147.2782,140.9915,142.1716,102007507
2020-01-06,UNH,459.1428,481.9684,457.685,481.5406,8324945
2020-01-06,V,229.3858,229.8884,224.3909,225.001,95004433
2020-01-06,XOM,85.0787,85.5059,82.2251,83.3589,33501109
2020-01-13,AAPL,143.5348,144.4898,141.6292,142.4675,20626845
2020-01-13,AMZN,3092.4806,3118.0092,3084.9666,3106.1301,27336935
2020-01-13,BRK-B,285.7908,287.5205,280.8922,281.428,81199057
2020-01-13,GOOGL,2863.8208,3086.565,2856.2251,3002.6522,57147108
2020-01-13,HD,315.8134,338.2183,313.8358,325.1753,60414784
2020-01-13,JNJ,166.2506,168.4124,165.2162,167.4855,14218532
2020-01-13,JPM,163.1062,164.1264,158.5037,161.7048,31284782
2020-01-13,MA,353.223,362.7491,331.7611,335.6939,22145624
2020-01-13,META,325.9053,336.8249,319.1626,329.9627,26826666
2020-01-13,MSFT,243.4653,244.2581,239.1924,239.7861,71798414
2020-01-13,NVDA,224.1576,243.8174,218.9796,241.6756,55833055
2020-01-13,PG,141.6069,142.5543,141.1617,141.7425,63176141
2020-01-13,UNH,481.7899,482.867,473.3902,479.269,20591455
2020-01-13,V,225.345,228.7384,221.4026,224.4745,35677186
2020-01-13,XOM,82.1366,86.0671,78.2471,84.62,44738247
2020-01-20,AAPL,141.597,149.4961,139.9881,148.8457,23940621
2020-01-20,AMZN,3062.5169,3126.3908,2916.1858,3024.5383,31128740
2020-01-20,BRK-B,282.1594,284.3825,277.9387,278.5615,76103653
2020-01-20,GOOGL,2981.82,3140.1868,2950.4351,3126.4878,56558114
2020-01-20,HD,328.0488,334.0239,320.7687,322.8331,27565605
2020-01-20,JNJ,167.8459,168.425,165.4677,166.0926,18007635
2020-01-20,JPM,161.0302,163.5552,158.2855,159.2088,33558244
2020-01-20,MA,332.7147,338.6671,324.7063,338.3261,20687191
2020-01-20,META,320.926,374.9845,312.6956,370.7542,13500387
2020-01-20,MSFT,237.7875,245.4466,231.5156,236.6039,107802077
2020-01-20,NVDA,236.9288,241.1834,235.7766,239.0928,84751003
2020-01-20,PG,141.657,142.3864,138.6537,140.0522,107773998
2020-01-20,UNH,478.8621,489.1106,477.8222,486.4911,9603808
2020-01-20,V,225.987,231.1412,207.693,208.696,100446940
2020-01-20,XOM,85.0651,86.5613,81.6036,82.5213,33674267
2020-01-27,AAPL,147.865,151.6379,147.4965,148.706,23052559
2020-01-27,AMZN,2985.0249,3325.0743,2928.1826,3293.1112,47121043
2020-01-27,BRK-B,277.386,277.4008,267.4792,269.3557,52469459
2020-01-27,GOOGL,3164.8425,3248.6612,3127.6707,3230.3526,61270477
2020-01-27,HD,324.4656,327.2516,320.9578,327.0453,40878237
2020-01-27,JNJ,166.3086,166.4527,158.5995,158.7048,8401275
2020-01-27,JPM,160.1464,161.4159,155.1145,157.3441,16164824
2020-01-27,MA,335.0245,375.1528,328.4407,367.7551,20033734
2020-01-27,META,372.6211,384.1809,366.6861,376.244,32057281
2020-01-27,MSFT,236.0589,236.8943,232.9678,233.5162,54770989
2020-01-27,NVDA,240.3352,249.4563,238.7912,249.2907,113804654
2020-01-27,PG,139.9404,140.8056,139.5137,140.8001,86198333
2020-01-27,UNH,488.545,514.2129,488.0672,512.0581,17857206
2020-01-27,V,207.7209,218.4,206.8388,218.2615,62824645
2020-01-27,XOM,83.9503,85.7847,82.7455,83.276,33399891
2020-02-03,AAPL,149.1027,149.8515,146.0518,146.8215,22446279
2020-02-03,AMZN,3300.8802,3364.5544,3291.1663,3312.6192,50976209
2020-02-03,BRK-B,269.9158,270.6958,265.5602,266.42,72270545
2020-02-03,GOOGL,3228.9662,3346.097,3190.0018,3340.5282,98373892
2020-02-03,HD,326.4131,337.8819,325.4532,335.7947,81753317
2020-02-03,JNJ,157.8516,160.0567,152.6695,153.731,22851147
2020-02-03,JPM,157.9617,158.2719,153.3942,154.0549,33175252
2020-02-03,MA,368.6338,369.7261,366.3276,367.2859,19047325
2020-02-03,META,374.8542,388.7395,362.0291,384.1084,29698473
2020-02-03,MSFT,231.5586,240.0003,227.1147,238.4416,63435047
2020-02-03,NVDA,245.6627,257.0512,240.1139,256.5695,48961290
2020-02-03,PG,140.5475,140.5748,137.9121,138.9101,123314970
2020-02-03,UNH,512.9737,516.102,503.1,509.1931,10002646
2020-02-03,V,218.4512,226.6766,217.3973,225.4667,50703785
2020-02-03,XOM,84.0376,86.738,83.9356,84.3143,60861467
2020-02-10,AAPL,146.0865,147.0091,142.977,144.6513,11359113
2020-02-10,AMZN,3298.5679,3438.1399,3234.3717,3403.2137,21104020
2020-02-10,BRK-B,266.5693,268.5953,259.5462,262.8844,56188646
2020-02-10,GOOGL,3389.7582,3513.7796,3369.447,3434.2367,98125497
2020-02-10,HD,338.0981,344.0279,300.4249,300.4739,61154444
2020-02-10,JNJ,153.3933,154.9677,146.7977,149.044,12127095
2020-02-10,JPM,154.5719,158.4622,152.4756,153.4355,27663297
2020-02-10,MA,367.5224,424.7717,364.9988,418.9154,26319652
2020-02-10,META,382.9423,401.6798,378.1981,401.6417,26875411
2020-02-10,MSFT,239.0455,241.8838,235.6255,235.8916,112737094
2020-02-10,NVDA,259.9866,262.897,225.1665,234.8125,51929462
2020-02-10,PG,139.2121,139.5863,138.1174,138.1882,100809092
2020-02-10,UNH,512.7073,515.6965,498.2926,499.0909,18444322
2020-02-10,V,225.8093,227.8303,223.946,226.7168,65501474
2020-02-10,XOM,85.3897,85.968,80.7595,82.0228,42641801
2020-02-17,AAPL,145.1543,146.1154,139.3993,140.0771,24024088
2020-02-17,AMZN,3417.0966,3440.1729,3257.1018,3310.5497,55455939
2020-02-17,BRK-B,262.9917,277.4282,255.6725,272.465,45264642
2020-02-17,GOOGL,3426.4416,3461.4558,3340.8934,3348.5753,36285021
2020-02-17,HD,299.5276,302.1012,292.9439,296.4035,36628469
2020-02-17,JNJ,149.2983,150.8908,149.1318,150.6652,20990501
2020-02-17,JPM,153.3777,156.953,152.009,155.201,39047994
2020-02-17,MA,421.2524,423.9999,411.2283,411.5701,16127879
2020-02-17,META,411.0252,412.945,349.5987,363.9133,14829758
2020-02-17,MSFT,237.5041,253.1333,236.5513,251.2391,41235445
2020-02-17,NVDA,235.2363,290.7011,234.2038,289.3444,105385054
2020-02-17,PG,138.8015,140.9018,138.6666,140.8116,58685971
2020-02-17,UNH,503.2612,503.7858,498.2504,500.0707,10830592
2020-02-17,V,225.1081,235.9046,218.9307,235.4124,90269223
2020-02-17,XOM,81.865,82.4757,78.6958,79.0585,22964760
2020-02-24,AAPL,140.2809,142.8472,139.9331,141.4799,12621154
2020-02-24,AMZN,3304.5908,3535.7927,3216.0798,3485.9993,19917642
2020-02-24,BRK-B,273.8593,278.2195,268.3584,270.5346,30001076
2020-02-24,GOOGL,3273.1124,3570.4198,3269.4215,3518.2058,88667116
2020-02-24,HD,298.1764,298.3231,296.0354,296.5883,63797308
2020-02-24,JNJ,150.7295,151.4826,145.0993,145.7105,15448890
2020-02-24,JPM,154.6375,163.3142,153.7424,160.347,35204487
2020-02-24,MA,405.4609,435.4647,399.5016,431.0641,19526780
2020-02-24,META,363.2324,381.4878,361.5795,378.0522,24455433
2020-02-24,MSFT,253.5969,254.6562,238.597,243.9208,99726424
2020-02-24,NVDA,290.5903,292.949,279.2879,287.1198,55817648
2020-02-24,PG,140.4061,141.8484,137.0548,137.0959,91732258
2020-02-24,UNH,500.7263,512.6616,491.3677,493.173,12568932
2020-02-24,V,235.6011,250.8394,234.554,242.55,101892920
2020-02-24,XOM,79.247,79.8513,73.6971,73.9059,28615190
2020-03-02,AAPL,142.3651,145.7919,141.2428,141.9926,17291730
2020-03-02,AMZN,3507.6417,3579.5852,3465.149,3514.4118,22488946
2020-03-02,BRK-B,270.4903,271.3949,262.3393,262.797,74504622
2020-03-02,GOOGL,3598.7137,3655.1755,3316.8346,3327.5845,45523237
2020-03-02,HD,297.3108,299.9848,288.8908,290.8624,48496141
2020-03-02,JNJ,145.7609,146.3518,141.0745,142.3345,14927961
2020-03-02,JPM,158.889,167.85,158.6999,166.5693,33534021
2020-03-02,MA,434.1144,437.7094,413.5719,419.1726,15803780
2020-03-02,META,378.8188,391.3843,369.6195,389.8004,36340731
2020-03-02,MSFT,243.8175,247.416,233.2267,236.5335,112240523
2020-03-02,NVDA,283.8629,302.9774,282.0419,284.4719,48193677
2020-03-02,PG,137.9626,141.7384,137.3891,140.7308,63728289
2020-03-02,UNH,486.3403,490.1404,463.6024,463.6358,10876206
2020-03-02,V,242.257,246.6261,239.1675,246.2356,100199034
2020-03-02,XOM,74.8858,75.2332,69.6843,70.072,30827726
2020-03-09,AAPL,142.9764,143.9326,137.5755,138.6122,19208960
2020-03-09,AMZN,3400.6137,3437.7109,2965.4879,3020.3275,25422753
2020-03-09,BRK-B,263.7859,264.4041,256.7647,257.3644,46068388
2020-03-09,GOOGL,3334.5139,3372.4929,3206.7483,3276.289,93421602
2020-03-09,HD,290.5917,307.0197,288.0773,302.8384,47793586
2020-03-09,JNJ,141.9824,143.6576,141.9121,142.3333,12767486
2020-03-09,JPM,165.6531,171.116,162.7216,168.902,44878379
2020-03-09,MA,414.6024,423.7687,407.6892,412.7861,12032256
2020-03-09,META,392.1949,395.2498,352.7721,355.1205,30017340
2020-03-09,MSFT,238.116,239.0374,230.1256,232.4835,59054762
2020-03-09,NVDA,285.8695,288.2452,266.8745,269.607,66039317
2020-03-09,PG,141.255,142.81,140.5574,141.5774,58862363
2020-03-09,UNH,464.3405,472.3253,463.0096,470.41,17920932
2020-03-09,V,243.7952,249.3938,236.0285,237.0045,37184002
2020-03-09,XOM,70.6399,71.4789,67.5062,68.6541,35226360
2020-03-16,AAPL,139.3167,140.7486,135.3784,136.9484,9572017
2020-03-16,AMZN,3036.2476,3086.1578,2781.2872,2808.4117,39280083
2020-03-16,BRK-B,256.033,259.0068,252.4052,257.6738,67971415
2020-03-16,GOOGL,3277.8548,3379.6128,3093.2405,3121.8007,67656443
2020-03-16,HD,302.9864,306.459,297.5722,298.0343,59609657
2020-03-16,JNJ,142.3008,143.9616,139.5133,140.8969,12439812
2020-03-16,JPM,169.8449,170.2822,166.7257,167.1421,36448941
2020-03-16,MA,411.6106,429.8633,407.8687,426.3999,26896508
2020-03-16,META,352.7387,373.6433,336.3819,370.9879,18836156
2020-03-16,MSFT,234.8387,240.1656,234.1935,239.4526,102264344
2020-03-16,NVDA,266.9539,283.6028,258.5567,276.8772,84848061
2020-03-16,PG,141.5822,145.1877,140.942,144.4477,92017505
2020-03-16,UNH,475.2581,495.3439,464.3099,480.8097,10887446
2020-03-16,V,238.3206,243.4385,232.2477,233.5286,37745680
2020-03-16,XOM,66.5694,66.7244,65.527,65.7427,49095839
2020-03-23,AAPL,136.811,138.3365,133.2932,134.6268,10067641
2020-03-23,AMZN,2767.7037,2824.6416,2602.6119,2648.6849,27989994
2020-03-23,BRK-B,256.3987,262.0842,256.3965,260.2965,69894015
2020-03-23,GOOGL,3083.4631,3170.6245,2907.5099,3092.3106,63236058
2020-03-23,HD,298.2454,298.5185,292.2175,294.4232,48212923
2020-03-23,JNJ,140.8231,143.8826,139.9017,143.2254,14203697
2020-03-23,JPM,165.0904,165.5291,161.2955,165.1375,40398192
2020-03-23,MA,423.7737,451.7861,422.4453,446.347,13013108
2020-03-23,META,370.6232,384.1493,358.9241,381.6439,32730021
2020-03-23,MSFT,241.427,247.8832,240.2729,246.4725,54578673
2020-03-23,NVDA,277.0917,299.139,261.0608,291.696,84590561
2020-03-23,PG,143.952,146.0921,142.4958,146.0257,80126191
2020-03-23,UNH,482.3946,492.0294,452.9539,457.9234,19327497
2020-03-23,V,232.6189,236.4398,227.7745,229.4169,58052179
2020-03-23,XOM,66.1681,67.2568,60.6073,60.6493,34954013
2020-03-30,AAPL,135.1742,137.9363,134.9639,137.3603,20995582
2020-03-30,AMZN,2696.5664,2781.3658,2502.3165,2599.4489,34159984
2020-03-30,BRK-B,259.7745,259.8744,253.8515,256.0174,81862882
2020-03-30,GOOGL,3069.9986,3092.0887,2913.9494,2943.5983,94709737
2020-03-30,HD,293.5014,310.7331,289.6518,304.8644,64081377
2020-03-30,JNJ,144.1508,145.4918,142.2422,144.4622,18362993
2020-03-30,JPM,164.8753,171.1633,164.5737,170.1072,30631684
2020-03-30,MA,447.7002,451.3566,429.6395,431.9118,20189021
2020-03-30,META,385.0883,394.9889,363.9959,373.9802,36053551
2020-03-30,MSFT,246.0357,254.1693,245.5383,253.4763,74316894
2020-03-30,NVDA,293.3251,303.0829,282.5622,295.9283,64968322
2020-03-30,PG,145.9527,149.8382,144.7348,149.6084,126829089
2020-03-30,UNH,454.7142,455.6193,450.7033,450.7233,14925863
2020-03-30,V,228.4537,228.8502,224.0307,224.2353,74718411
2020-03-30,XOM,60.2882,61.5694,56.1732,56.9978,26515959
2020-04-06,AAPL,136.439,137.2755,134.972,135.8477,22042298
2020-04-06,AMZN,2585.213,2622.7328,2452.7987,2455.4499,46402106
2020-04-06,BRK-B,256.0966,259.2571,249.9113,251.8633,46241799
2020-04-06,GOOGL,2907.354,2969.7511,2876.8,2921.6894,80513380
2020-04-06,HD,304.2504,307.5037,293.4638,296.1832,40018030
2020-04-06,JNJ,144.5676,146.0009,141.3994,141.5899,15255695
2020-04-06,JPM,169.0269,176.4304,168.8143,176.0739,20726553
2020-04-06,MA,433.8833,456.5124,430.8277,454.9525,29870441
2020-04-06,META,384.1543,395.8903,365.7862,375.3097,23720166
2020-04-06,MSFT,251.3582,265.5508,241.5328,262.0961,45047914
2020-04-06,NVDA,292.8708,312.7907,290.2045,308.9748,78490947
2020-04-06,PG,149.5448,160.1164,148.081,159.4112,96242699
2020-04-06,UNH,449.8926,457.9016,444.6545,456.3839,18453146
2020-04-06,V,224.0235,224.913,220.4778,223.5488,61974916
2020-04-06,XOM,56.0276,57.8973,53.9138,55.1002,26452248
2020-04-13,AAPL,135.8559,139.0862,135.3696,138.5523,17061643
2020-04-13,AMZN,2429.3173,2447.295,2178.3925,2198.0529,22220099
2020-04-13,BRK-B,251.9433,254.3513,251.9416,253.8354,59821058
2020-04-13,GOOGL,2927.805,2970.9998,2908.8546,2921.9069,49226500
2020-04-13,HD,295.323,296.2321,283.9488,285.5254,71206669
2020-04-13,JNJ,141.7596,141.9619,140.5551,141.575,8528242
2020-04-13,JPM,175.2372,178.5396,172.2112,177.8831,39305865
2020-04-13,MA,454.1003,456.6821,449.8025,453.4872,31483688
2020-04-13,META,376.8921,397.9314,373.2811,384.835,25624728
2020-04-13,MSFT,264.1023,264.8442,251.0409,254.0426,70456116
2020-04-13,NVDA,306.3042,306.7673,271.4495,277.1859,51426871
2020-04-13,PG,161.8101,162.7923,150.7065,152.4227,58472048
2020-04-13,UNH,454.6113,463.6763,452.085,461.2623,8236970
2020-04-13,V,224.1368,227.4427,221.0584,226.3473,54922823
2020-04-13,XOM,55.0985,56.035,52.4723,52.8416,28581553
2020-04-20,AAPL,138.4865,140.805,136.1772,138.161,11144243
2020-04-20,AMZN,2204.5525,2499.8445,2175.5957,2413.7242,39678456
2020-04-20,BRK-B,251.7103,264.2431,247.6577,260.169,45248677
2020-04-20,GOOGL,2892.3257,2937.8769,2869.5472,2909.7787,62366014
2020-04-20,HD,285.642,294.2036,273.4163,275.6539,37454308
2020-04-20,JNJ,140.3491,141.8671,139.8663,140.4711,23004657
2020-04-20,JPM,179.8546,180.4939,175.657,177.6737,40878408
2020-04-20,MA,457.9652,460.3676,444.2656,451.1589,26342608
2020-04-20,META,386.6446,395.6497,378.9851,389.1245,18237687
2020-04-20,MSFT,252.145,265.5496,251.3813,263.5371,73013493
2020-04-20,NVDA,276.2479,308.2361,273.0915,299.8422,106022966
2020-04-20,PG,151.8517,151.9253,147.6824,148.5146,70247273
2020-04-20,UNH,460.3485,464.484,452.725,462.1212,14988107
2020-04-20,V,228.7612,230.2324,227.2159,229.48,49416379
2020-04-20,XOM,52.8505,55.3109,52.7202,55.3019,49072883
2020-04-27,AAPL,136.797,137.737,129.8104,132.9493,23059184
2020-04-27,AMZN,2387.8351,2397.9987,2276.1101,2296.1112,53876938
2020-04-27,BRK-B,260.2548,260.3226,252.505,252.9511,37158151
2020-04-27,GOOGL,2926.4901,3002.3756,2764.4294,2962.5594,78163696
2020-04-27,HD,272.683,285.0995,271.9709,282.4763,64675747
2020-04-27,JNJ,140.5428,141.8157,140.0021,140.503,7797126
2020-04-27,JPM,177.3227,177.9128,175.8073,177.4586,34741978
2020-04-27,MA,453.3644,454.8094,420.4262,424.3429,22080581
2020-04-27,META,391.8754,419.5789,390.2546,419.1353,35045000
2020-04-27,MSFT,262.4634,263.6969,262.1006,263.6759,78819811
2020-04-27,NVDA,304.9447,330.3497,302.26,326.7505,42865916
2020-04-27,PG,148.2599,154.1514,146.8414,153.2543,109562925
2020-04-27,UNH,460.9744,472.7193,459.6122,465.8478,17511045
2020-04-27,V,229.8033,244.4637,229.4162,240.5777,43861910
2020-04-27,XOM,55.0832,55.8048,54.7451,55.5249,22150721
2020-05-04,AAPL,132.7537,138.4411,132.2167,136.8895,17235117
2020-05-04,AMZN,2292.96,2309.2714,2216.5635,2227.0281,30596692
2020-05-04,BRK-B,253.434,256.5456,233.1144,236.0947,85341931
2020-05-04,GOOGL,2972.3268,2991.9234,2830.131,2867.1829,100524167
2020-05-04,HD,285.0964,289.5623,278.8839,279.5001,46161463
2020-05-04,JNJ,140.1827,144.9129,139.2512,144.7362,8152337
2020-05-04,JPM,176.6507,182.0945,176.4043,179.0837,21176800
2020-05-04,MA,430.9784,436.5119,407.6052,407.7585,18710220
2020-05-04,META,428.1559,446.1565,421.358,442.6725,34618592
2020-05-04,MSFT,263.0966,265.903,249.3968,249.6474,65516331
2020-05-04,NVDA,325.2502,335.2561,324.9709,335.0634,73990114
2020-05-04,PG,152.8261,155.7713,151.9148,153.7644,68631786
2020-05-04,UNH,471.1059,479.0341,448.8568,452.1911,17376199
2020-05-04,V,239.9501,241.0111,237.837,239.3804,59231867
2020-05-04,XOM,54.1644,55.8409,53.4577,54.8983,26378455
2020-05-11,AAPL,137.0844,137.8974,125.9997,127.8452,22694360
2020-05-11,AMZN,2242.7521,2250.566,2209.6194,2219.6767,20695274
2020-05-11,BRK-B,238.5442,241.293,233.3354,234.2698,29483742
2020-05-11,GOOGL,2893.2091,2914.2811,2881.1244,2909.0367,98950643
2020-05-11,HD,276.7544,280.2675,274.2109,279.4871,62765822
2020-05-11,JNJ,144.1785,147.0625,143.3211,146.6568,10264914
2020-05-11,JPM,179.8112,188.4521,179.1401,188.1479,30878979
2020-05-11,MA,406.0239,409.039,387.6018,388.9115,25468165
2020-05-11,META,445.793,509.268,439.7497,496.1212,36691218
2020-05-11,MSFT,248.1236,252.12,229.4404,230.1573,113938774
2020-05-11,NVDA,337.2205,347.4389,300.603,309.1993,79654386
2020-05-11,PG,155.5732,158.1352,149.9783,150.4652,99124809
2020-05-11,UNH,451.4476,484.6237,448.4175,477.631,12194964
2020-05-11,V,238.9475,253.7947,237.4429,251.2501,42015627
2020-05-11,XOM,56.0998,56.3963,52.5894,53.8611,53116809
2020-05-18,AAPL,127.8648,130.2604,124.9936,125.3446,10539041
2020-05-18,AMZN,2233.6505,2466.7236,2227.0362,2404.6778,29106928
2020-05-18,BRK-B,235.0475,243.1069,234.6553,242.5776,54968629
2020-05-18,GOOGL,2919.055,2963.4555,2745.3836,2755.5979,71318117
2020-05-18,HD,279.6672,280.1607,262.6216,266.1873,64838671
2020-05-18,JNJ,147.4806,148.7546,146.2273,147.9679,12488358
2020-05-18,JPM,188.5286,192.5024,179.141,179.3166,25228466
2020-05-18,MA,386.6866,396.7259,385.6302,395.8426,22351374
2020-05-18,META,502.0858,509.807,488.4107,504.5125,23053109
2020-05-18,MSFT,230.8247,230.9698,219.9794,221.2898,50836912
2020-05-18,NVDA,309.789,353.745,288.5165,333.1347,42293079
2020-05-18,PG,151.2656,151.3515,145.5034,146.0869,66859798
2020-05-18,UNH,475.7999,491.0251,474.4156,481.7329,14252102
2020-05-18,V,252.2602,258.6851,251.8498,256.752,91346192
2020-05-18,XOM,54.1348,55.2213,53.6028,54.8459,28400699
2020-05-25,AAPL,125.9977,127.0166,125.7104,126.3424,10880915
2020-05-25,AMZN,2393.3775,2465.1861,2384.9467,2464.117,42535246
2020-05-25,BRK-B,241.9888,250.9954,237.3508,247.7614,66666041
2020-05-25,GOOGL,2749.5083,2764.5736,2664.3353,2700.2191,101216385
2020-05-25,HD,265.7264,266.0887,256.5215,259.7553,40136034
2020-05-25,JNJ,148.8954,149.4191,147.8889,148.0788,20538851
2020-05-25,JPM,180.3643,182.0081,177.723,178.9117,20683774
2020-05-25,MA,396.4896,400.8455,396.1664,399.4256,33040782
2020-05-25,META,500.9546,517.3867,499.6654,510.7458,14659383
2020-05-25,MSFT,221.8384,224.6038,219.9293,223.645,89226656
2020-05-25,NVDA,332.8844,336.9748,309.1926,318.4265,42214552
2020-05-25,PG,145.684,153.3624,144.4551,152.1538,131963829
2020-05-25,UNH,479.2593,491.9739,475.0839,491.0157,14089784
2020-05-25,V,257.3764,270.1498,255.7514,268.9966,96320304
2020-05-25,XOM,55.0094,55.6316,54.6337,55.1282,40312541
2020-06-01,AAPL,125.7705,126.1697,119.2847,120.637,19672026
2020-06-01,AMZN,2445.9325,2477.5481,2378.8806,2431.9123,49898775
2020-06-01,BRK-B,248.4816,249.774,241.7597,246.3803,81613258
2020-06-01,GOOGL,2705.714,2828.1431,2673.3683,2799.7528,94225193
2020-06-01,HD,259.9686,263.1007,249.9561,254.9637,43487583
2020-06-01,JNJ,147.6761,154.2536,147.4218,153.727,20981600
2020-06-01,JPM,178.984,181.4495,169.2501,170.6934,41187194
2020-06-01,MA,401.0742,425.0532,398.5656,424.1699,21252918
2020-06-01,META,515.1361,520.5384,470.3209,473.5513,24990022
2020-06-01,MSFT,221.9869,236.8515,221.7207,231.6357,107804051
2020-06-01,NVDA,320.6451,357.715,318.3086,355.4149,89701754
2020-06-01,PG,151.9255,152.1369,149.5742,151.5066,68130472
2020-06-01,UNH,494.7529,517.4191,491.2379,494.0044,21887992
2020-06-01,V,265.6509,268.8287,264.6454,266.3616,44043890
2020-06-01,XOM,55.3324,55.8702,50.4806,51.8894,37088397
2020-06-08,AAPL,119.2513,120.4243,117.3671,119.7167,17792000
2020-06-08,AMZN,2442.6982,2500.3934,2435.3645,2498.7119,50082957
2020-06-08,BRK-B,245.7125,250.117,242.6147,249.8947,30314716
2020-06-08,GOOGL,2825.2776,2935.9453,2742.1621,2914.3226,43204099
2020-06-08,HD,257.3305,271.918,255.1158,267.4391,52269587
2020-06-08,JNJ,153.8865,156.3577,153.3549,156.3052,17778071
2020-06-08,JPM,169.4043,170.6579,166.3823,168.4486,17032939
2020-06-08,MA,425.8415,434.4755,425.4279,432.8532,33249131
2020-06-08,META,478.322,484.9794,442.5447,456.1895,21634411
2020-06-08,MSFT,231.265,247.8813,231.246,246.3029,113015486
2020-06-08,NVDA,352.1859,381.3686,348.2373,375.8649,65167113
2020-06-08,PG,151.7092,153.7405,150.0557,150.2859,84332236
2020-06-08,UNH,493.9931,495.0967,469.4041,471.7652,15834128
2020-06-08,V,267.2114,272.3878,266.2076,271.1331,53575573
2020-06-08,XOM,52.2412,54.3286,51.7214,53.0406,25376394
2020-06-15,AAPL,118.3968,138.6622,117.8082,133.3815,14995338
2020-06-15,AMZN,2575.2758,2602.1209,2451.8649,2490.1088,40725422
2020-06-15,BRK-B,250.3156,250.7792,240.6954,240.857,55761953
2020-06-15,GOOGL,2918.7196,2973.669,2857.7053,2961.4342,83029234
2020-06-15,HD,267.0714,268.1969,264.5049,265.8037,34971540
2020-06-15,JNJ,157.0731,157.8707,156.3297,156.6536,11056749
2020-06-15,JPM,169.1743,174.0174,157.7377,158.5972,24415604
2020-06-15,MA,433.9347,442.2921,415.4297,417.7801,32122680
2020-06-15,META,457.6304,463.9191,437.6634,439.3602,31862906
2020-06-15,MSFT,249.6065,253.1574,235.1385,237.8815,65190432
2020-06-15,NVDA,377.6147,391.0985,365.8771,383.6441,108196997
2020-06-15,PG,149.3186,149.6496,143.7069,144.86,96622727
2020-06-15,UNH,471.815,490.2645,471.0655,474.429,16780081
2020-06-15,V,271.0917,275.2301,269.7501,269.8104,104902764
2020-06-15,XOM,53.4797,53.5756,51.132,51.1567,29369112
2020-06-22,AAPL,133.2486,134.9232,131.1205,131.3637,11545346
2020-06-22,AMZN,2511.903,2526.1261,2475.6449,2523.0382,52226183
2020-06-22,BRK-B,242.031,247.0403,232.4059,234.2693,35396534
2020-06-22,GOOGL,2957.6643,3024.4412,2607.9965,2611.1656,40641767
2020-06-22,HD,265.3173,266.9893,239.4389,244.3664,69587277
2020-06-22,JNJ,156.2193,163.5346,155.9017,162.5439,17456737
2020-06-22,JPM,157.9615,161.4764,155.2082,158.8522,29877232
2020-06-22,MA,415.6696,436.9809,412.8158,436.7328,26591147
2020-06-22,META,439.1213,476.4484,429.8727,475.5328,22661109
2020-06-22,MSFT,240.1092,245.3259,237.89,243.3945,46049825
2020-06-22,NVDA,383.293,408.1263,370.6659,389.4654,62254902
2020-06-22,PG,144.2184,145.8859,143.2035,145.096,97473105
2020-06-22,UNH,478.2709,485.7839,438.7217,450.1459,9199626
2020-06-22,V,268.3255,279.4096,267.6947,277.817,84053770
2020-06-22,XOM,51.0139,53.6805,50.8423,53.1021,51386454
2020-06-29,AAPL,131.0839,131.1353,124.5836,126.2125,22876993
2020-06-29,AMZN,2564.5531,2628.6345,2564.1496,2602.1807,56223387
2020-06-29,BRK-B,235.6638,237.554,231.1414,233.8159,44311851
2020-06-29,GOOGL,2585.9185,2616.4917,2430.862,2495.7417,36880676
2020-06-29,HD,249.8282,261.1858,249.0161,256.8471,67543350
2020-06-29,JNJ,162.7855,163.6244,158.6188,161.0885,21095069
2020-06-29,JPM,159.1703,161.3343,156.302,156.7873,30593339
2020-06-29,MA,438.7378,444.4385,429.8907,437.1775,32363312
2020-06-29,META,485.0003,489.3882,473.3491,476.1488,35245742
2020-06-29,MSFT,243.5093,247.803,240.5784,246.5135,96231763
2020-06-29,NVDA,396.3506,406.2972,393.9541,400.0141,111109244
2020-06-29,PG,144.9151,149.6722,144.9037,148.8278,58148108
2020-06-29,UNH,449.1129,479.3484,446.8016,469.4209,9746069
2020-06-29,V,280.0299,281.83,267.7744,269.8519,89681210
2020-06-29,XOM,53.5701,53.8499,52.7974,53.1786,27069217
2020-07-06,AAPL,124.5728,133.4678,122.9219,131.1548,15704980
2020-07-06,AMZN,2585.8474,2649.0998,2566.3217,2624.9023,38991564
2020-07-06,BRK-B,234.7316,240.5344,228.6557,231.6352,82251780
2020-07-06,GOOGL,2521.5019,2560.4031,2517.2512,2546.2286,98971512
2020-07-06,HD,259.5128,265.316,245.0418,246.6977,71965538
2020-07-06,JNJ,160.8246,161.8277,156.4098,156.8678,18266330
2020-07-06,JPM,157.4996,165.3519,157.4454,164.5899,29743008
2020-07-06,MA,439.2082,441.3419,416.0645,420.9477,25919781
2020-07-06,META,475.6801,484.2862,452.9335,461.1689,24900659
2020-07-06,MSFT,246.8551,264.7329,246.8282,261.5366,51276079
2020-07-06,NVDA,409.8185,414.9124,363.4161,367.0921,48481141
2020-07-06,PG,148.3906,150.341,146.2142,146.4478,131512681
2020-07-06,UNH,471.8065,477.7162,441.5052,444.3736,11882960
2020-07-06,V,267.752,267.7888,263.785,266.663,84698804
2020-07-06,XOM,53.237,54.047,51.4846,51.6658,42779189
2020-07-13,AAPL,129.9605,131.9954,126.2805,127.1029,18304103
2020-07-13,AMZN,2623.6186,2664.4725,2483.451,2526.8806,30320269
2020-07-13,BRK-B,233.3288,236.9058,227.0706,236.5053,30897520
2020-07-13,GOOGL,2541.4363,2546.4577,2388.0115,2399.4333,47903218
2020-07-13,HD,250.4109,266.0867,248.6664,263.7867,59737775
2020-07-13,JNJ,156.7326,156.8779,152.9597,154.0322,14713477
2020-07-13,JPM,164.1412,165.3901,160.9574,162.3944,26108353
2020-07-13,MA,423.0892,424.7555,405.9788,408.1798,32833030
2020-07-13,META,459.3519,461.0621,443.6298,457.6287,19214249
2020-07-13,MSFT,261.6057,264.093,251.7893,251.8834,41148701
2020-07-13,NVDA,361.7961,378.0086,358.3287,366.3692,71713117
2020-07-13,PG,146.1934,149.3822,145.2638,148.8309,47126556
2020-07-13,UNH,438.0886,460.6686,433.9096,451.8774,11136373
2020-07-13,V,264.2088,276.8759,264.1894,274.4574,48048330
2020-07-13,XOM,51.781,52.3313,50.5171,50.6203,32130125
2020-07-20,AAPL,127.7338,128.8116,124.1416,127.0289,26911389
2020-07-20,AMZN,2516.8026,2562.5821,2195.1329,2210.2979,31172645
2020-07-20,BRK-B,237.2431,248.7022,235.8434,245.4233,40271898
2020-07-20,GOOGL,2417.7549,2471.6009,2393.5267,2471.1765,89627346
2020-07-20,HD,261.6519,264.0006,252.0592,254.1019,66973318
2020-07-20,JNJ,154.3827,154.5943,154.1736,154.4787,9470239
2020-07-20,JPM,161.1684,162.904,154.4018,156.6096,44297032
2020-07-20,MA,408.7664,408.9774,398.5451,399.0693,28325102
2020-07-20,META,451.9468,452.181,403.8999,409.9109,13168707
2020-07-20,MSFT,251.9047,268.6517,251.7678,267.8325,82539621
2020-07-20,NVDA,362.7512,367.8204,345.268,356.1955,68789631
2020-07-20,PG,148.7156,150.0386,148.1587,149.0872,49299443
2020-07-20,UNH,455.9891,464.816,450.5889,457.6802,14901903
2020-07-20,V,272.2777,286.8796,272.2243,280.984,62437811
2020-07-20,XOM,50.6271,51.8166,48.247,48.6985,39271935
2020-07-27,AAPL,127.224,128.2501,126.6422,128.0072,14713309
2020-07-27,AMZN,2223.9167,2238.2534,2139.7897,2169.9275,45697519
2020-07-27,BRK-B,246.3779,247.1085,235.0635,236.9897,41497754
2020-07-27,GOOGL,2506.3679,2772.474,2466.1654,2702.8801,50026069
2020-07-27,HD,253.6077,253.7091,247.6746,249.7063,67936329
2020-07-27,JNJ,154.4207,154.4732,150.5254,151.2391,12838410
2020-07-27,JPM,156.9942,160.0003,156.7701,158.5093,17820151
2020-07-27,MA,398.0178,398.9689,395.5241,397.2052,28348960
2020-07-27,META,411.9317,419.5187,383.737,388.7078,17174726
2020-07-27,MSFT,266.8115,269.6522,256.9262,258.0495,92689444
2020-07-27,NVDA,360.1823,365.053,334.7473,345.6923,67978036
2020-07-27,PG,149.916,154.5356,149.8333,154.232,111269917
2020-07-27,UNH,458.1106,465.7161,441.0582,446.2995,15069357
2020-07-27,V,280.3947,283.2797,276.5367,277.7922,51311728
2020-07-27,XOM,48.4316,49.9503,48.293,49.5849,36806755
2020-08-03,AAPL,129.2661,130.0873,126.2851,129.2256,13749134
2020-08-03,AMZN,2181.3694,2259.3412,2159.1957,2203.124,33502550
2020-08-03,BRK-B,235.4346,244.6434,235.3797,239.9541,76392886
2020-08-03,GOOGL,2703.7894,2829.7697,2692.4595,2817.5224,47054520
2020-08-03,HD,249.8152,250.9379,243.8224,247.2715,78213168
2020-08-03,JNJ,150.738,152.4301,149.574,150.6473,10505107
2020-08-03,JPM,157.5803,173.7806,155.3818,172.1111,40472328
2020-08-03,MA,398.0704,403.4023,380.8434,381.3724,20943813
2020-08-03,META,389.3604,393.0248,355.9986,358.2889,12926139
2020-08-03,MSFT,258.8852,260.3717,240.9757,242.3232,60033930
2020-08-03,NVDA,351.7835,376.7855,341.8835,372.6444,92173720
2020-08-03,PG,154.5436,155.0922,154.4999,154.846,120483953
2020-08-03,UNH,445.046,445.8406,435.7559,438.6347,14127792
2020-08-03,V,280.7486,287.8768,279.7819,285.1224,44931535
2020-08-03,XOM,49.0338,49.0947,47.7854,48.6346,61721485
2020-08-10,AAPL,130.3903,132.4354,123.0095,123.2108,12248963
2020-08-10,AMZN,2214.311,2218.1595,2058.939,2099.0014,20965060
2020-08-10,BRK-B,239.6579,246.9709,238.2521,245.5466,35772192
2020-08-10,GOOGL,2793.2525,3023.3389,2752.724,2984.5814,84205475
2020-08-10,HD,246.3297,247.7824,238.122,241.3535,31195117
2020-08-10,JNJ,150.6441,156.683,150.013,156.4205,12014232
2020-08-10,JPM,170.5112,191.6388,170.0228,186.7376,19806393
2020-08-10,MA,379.9606,387.5803,376.7079,384.72,14642724
2020-08-10,META,364.1839,367.4134,342.4124,345.6147,17524041
2020-08-10,MSFT,242.9203,244.0183,231.854,235.4663,84988039
2020-08-10,NVDA,375.5196,386.0547,370.1115,380.8997,53274377
2020-08-10,PG,154.0633,154.6306,149.8488,152.1188,66275337
2020-08-10,UNH,442.2342,445.1741,437.3982,437.6685,21394712
2020-08-10,V,285.1317,289.3452,279.3279,288.2721,74827971
2020-08-10,XOM,49.5015,49.5768,48.6462,48.6876,45658957
2020-08-17,AAPL,125.0508,132.3909,123.626,130.3258,26540835
2020-08-17,AMZN,2132.778,2140.1136,1965.5139,1976.3303,55892395
2020-08-17,BRK-B,244.9439,249.42,243.6352,249.1618,59481811
2020-08-17,GOOGL,2951.5108,3133.2914,2855.5526,3080.1317,70260399
2020-08-17,HD,239.5919,240.8076,238.0002,238.801,56453762
2020-08-17,JNJ,157.3941,157.8144,150.1969,152.9764,20896965
2020-08-17,JPM,187.1096,187.6175,182.2227,182.7079,31888489
2020-08-17,MA,383.7952,387.6217,375.5974,376.1756,25917785
2020-08-17,META,347.9396,366.7637,344.458,352.9672,17355742
2020-08-17,MSFT,234.6939,235.5674,233.81,234.6223,103236502
2020-08-17,NVDA,381.6882,386.4702,361.695,379.5107,116824170
2020-08-17,PG,152.2609,152.3004,146.7462,147.5083,57707690
2020-08-17,UNH,437.982,472.825,432.1134,472.0015,19004552
2020-08-17,V,283.4982,287.5272,281.4545,285.8951,58036807
2020-08-17,XOM,48.5207,50.295,48.2533,50.0761,62985352
2020-08-24,AAPL,130.5311,131.9605,130.3383,130.4302,21236230
2020-08-24,AMZN,1951.2565,2005.8846,1744.5259,1804.6643,25783598
2020-08-24,BRK-B,249.06,251.4703,240.7804,244.4449,63729571
2020-08-24,GOOGL,3011.3152,3120.8017,2968.7922,3072.5186,63521825
2020-08-24,HD,241.3252,242.7297,237.9852,240.2972,34680158
2020-08-24,JNJ,151.9776,155.7041,151.8937,154.9263,9440624
2020-08-24,JPM,183.5105,188.3265,181.3603,187.1082,21606226
2020-08-24,MA,376.8907,385.7577,367.3116,384.0341,25862174
2020-08-24,META,350.728,358.7104,348.2267,348.9815,25636580
2020-08-24,MSFT,233.7249,237.6629,232.7712,236.9139,94199767
2020-08-24,NVDA,383.5717,414.9782,374.2375,408.141,95213207
2020-08-24,PG,147.4009,148.4515,146.5058,147.6251,129304486
2020-08-24,UNH,467.3569,471.8261,466.9947,468.4657,18256682
2020-08-24,V,287.6132,289.3977,284.7652,285.8012,92593640
2020-08-24,XOM,50.5204,50.6021,49.6011,50.0153,34207221
2020-08-31,AAPL,129.5918,131.5986,118.8367,120.1776,23516736
2020-08-31,AMZN,1801.6059,1868.7204,1800.654,1839.7265,55533024
2020-08-31,BRK-B,243.871,258.8445,242.8658,255.6393,59108567
2020-08-31,GOOGL,3111.9694,3128.3712,3098.5439,3121.6836,102087088
2020-08-31,HD,239.1068,244.1199,238.9692,241.5707,81505475
2020-08-31,JNJ,154.6541,158.5289,153.4825,158.2876,9063179
2020-08-31,JPM,187.8731,188.4685,180.5856,182.3942,34487540
2020-08-31,MA,384.1156,385.1041,378.7123,383.8088,21262081
2020-08-31,META,343.9052,350.2877,339.3996,344.689,35537440
2020-08-31,MSFT,235.7601,245.2007,231.1387,239.3948,77250498
2020-08-31,NVDA,413.9541,416.5969,392.7308,394.7307,96288541
2020-08-31,PG,146.9343,150.0182,145.2806,149.9888,125189167
2020-08-31,UNH,466.3025,483.5214,460.7486,476.5947,20168879
2020-08-31,V,283.6961,295.5742,278.5135,293.5804,78344128
2020-08-31,XOM,50.3531,51.5978,45.7628,46.1339,53502149
2020-09-07,AAPL,120.2126,125.5287,119.5876,124.5717,17826725
2020-09-07,AMZN,1827.3762,1856.1172,1820.2701,1824.0643,20725086
2020-09-07,BRK-B,256.7309,262.01,253.4704,260.4897,54989008
2020-09-07,GOOGL,3100.2415,3342.6135,3069.7352,3321.7452,79124986
2020-09-07,HD,241.1874,253.9138,240.7486,252.6234,61772826
2020-09-07,JNJ,158.7458,160.8532,158.1226,159.6303,12535572
2020-09-07,JPM,182.961,184.0341,179.9747,183.896,34140638
2020-09-07,MA,384.9445,386.7579,368.9204,379.6399,29009294
2020-09-07,META,349.6638,354.0287,336.8004,338.0412,29641681
2020-09-07,MSFT,239.4652,239.9119,219.8651,224.1818,98067416
2020-09-07,NVDA,392.7952,426.9432,389.0875,421.112,49016134
2020-09-07,PG,149.832,153.9574,149.1523,152.75,100696567
2020-09-07,UNH,472.2846,475.094,454.4071,470.6369,15413230
2020-09-07,V,291.1379,312.9495,287.8606,306.1847,97695981
2020-09-07,XOM,47.3128,47.4974,43.3672,45.351,44670648
2020-09-14,AAPL,124.3545,128.9657,123.8308,127.2991,19027948
2020-09-14,AMZN,1823.6659,1824.7009,1734.6944,1775.1016,32204338
2020-09-14,BRK-B,259.5354,273.223,256.7311,269.2029,56462526
2020-09-14,GOOGL,3318.9056,3414.1155,3266.7448,3270.447,58415881
2020-09-14,HD,251.5958,258.1004,249.5303,253.5633,31248415
2020-09-14,JNJ,159.8784,160.9456,157.3394,160.8474,9829515
2020-09-14,JPM,184.0423,184.9098,180.6288,182.1396,26310858
2020-09-14,MA,377.6945,395.9722,375.3815,394.9046,29757698
2020-09-14,META,335.7244,338.6052,318.2902,322.2161,24305662
2020-09-14,MSFT,222.3438,228.53,220.3156,227.4832,103401301
2020-09-14,NVDA,426.7672,437.9291,408.1178,411.475,113042873
2020-09-14,PG,151.9566,156.1945,149.8604,155.771,98636992
2020-09-14,UNH,469.4714,475.2186,457.1395,459.971,16023244
2020-09-14,V,305.6474,307.6791,304.9754,305.8753,71498419
2020-09-14,XOM,45.045,45.1054,42.0693,42.112,63516565
2020-09-21,AAPL,127.3493,128.5119,125.0207,128.2992,19764480
2020-09-21,AMZN,1765.6298,1814.1784,1751.7142,1811.9652,55566389
2020-09-21,BRK-B,269.5437,276.3095,263.5551,273.2696,78287701
2020-09-21,GOOGL,3247.6639,3367.7831,3223.7418,3322.3339,90422559
2020-09-21,HD,253.8321,267.6777,246.2475,263.4704,38390308
2020-09-21,JNJ,160.0249,163.8471,159.8692,163.1568,19229736
2020-09-21,JPM,182.0755,190.6614,180.6766,190.5806,29356080
2020-09-21,MA,393.6125,401.872,389.4526,400.8203,29136060
2020-09-21,META,308.5791,321.7685,307.7168,319.3888,35674881
2020-09-21,MSFT,229.4094,230.0013,221.8434,225.1376,69869871
2020-09-21,NVDA,409.338,414.1597,408.8677,413.8993,48264334
2020-09-21,PG,156.5515,160.4021,156.5266,160.3346,131312380
2020-09-21,UNH,456.4439,457.3535,452.6592,456.068,17093676
2020-09-21,V,307.0122,309.6513,305.1773,308.3347,76755328
2020-09-21,XOM,42.1636,43.0646,42.163,42.8291,48238607
2020-09-28,AAPL,126.4116,127.6628,123.5202,124.1769,10984440
2020-09-28,AMZN,1800.8024,1819.1768,1795.0703,1805.3972,52289109
2020-09-28,BRK-B,270.192,274.3805,259.1342,260.7602,84501980
2020-09-28,GOOGL,3276.3312,3411.8763,3178.0784,3331.2203,43494906
2020-09-28,HD,264.0888,265.4016,259.362,259.8492,45052233
2020-09-28,JNJ,163.8131,164.7593,162.8689,164.3767,11573153
2020-09-28,JPM,190.6048,193.7086,189.158,190.3339,34998736
2020-09-28,MA,399.6134,401.0586,386.6651,387.2385,24782788
2020-09-28,META,314.3718,333.3041,313.8842,332.2255,19535294
2020-09-28,MSFT,225.4203,240.446,213.9765,239.0507,86107332
2020-09-28,NVDA,412.85,414.3802,398.8209,401.7652,58809432
2020-09-28,PG,160.3023,161.9365,150.5783,151.5814,116684765
2020-09-28,UNH,457.8753,487.7735,453.8017,482.8516,7988476
2020-09-28,V,307.3883,320.9283,302.5366,318.7539,95237053
2020-09-28,XOM,42.9869,43.156,40.7295,41.0103,35097744
2020-10-05,AAPL,121.5126,121.8418,118.6486,120.7857,24663868
2020-10-05,AMZN,1806.8993,1839.6791,1783.8334,1818.7583,55594243
2020-10-05,BRK-B,261.5238,262.0351,257.4034,259.9863,71506971
2020-10-05,GOOGL,3261.7905,3500.7005,3253.6301,3490.4682,42086947
2020-10-05,HD,261.2497,273.7311,257.2014,264.7852,48052598
2020-10-05,JNJ,164.0514,165.2792,162.6834,162.9097,15209266
2020-10-05,JPM,191.9256,194.6635,185.3485,186.374,43512611
2020-10-05,MA,388.2442,390.6655,381.8144,382.013,11622818
2020-10-05,META,329.9327,336.166,325.4253,335.5416,18426835
2020-10-05,MSFT,238.4019,239.8616,230.7766,233.4283,69874754
2020-10-05,NVDA,407.7413,430.0654,343.3394,352.2786,67661096
2020-10-05,PG,151.1646,155.805,151.0093,155.6496,55004892
2020-10-05,UNH,484.3025,489.2514,482.1858,487.3494,11843493
2020-10-05,V,317.4658,331.1694,312.9379,331.0714,36721736
2020-10-05,XOM,40.5641,43.0459,40.4263,42.6499,27394799
2020-10-12,AAPL,120.0592,131.4177,117.6469,131.2762,17201226
2020-10-12,AMZN,1825.5281,1901.1788,1632.3043,1660.9618,20778353
2020-10-12,BRK-B,260.4183,266.9653,258.8228,264.225,65195327
2020-10-12,GOOGL,3520.7951,3534.244,3266.6684,3282.3644,95294900
2020-10-12,HD,268.2752,289.1331,264.0939,289.0193,74042897
2020-10-12,JNJ,163.3433,165.4938,159.6471,162.0722,13578709
2020-10-12,JPM,184.7156,187.8939,183.0136,185.0131,32516855
2020-10-12,MA,383.8393,385.4855,374.0658,375.5901,23979955
2020-10-12,META,333.9254,345.8675,332.6994,339.2209,34349118
2020-10-12,MSFT,233.7484,236.597,230.6736,235.9161,115891444
2020-10-12,NVDA,353.1115,357.337,339.3392,346.3875,110735321
2020-10-12,PG,156.0099,157.6427,155.4862,156.9081,64559102
2020-10-12,UNH,483.9015,491.5628,480.9876,490.0111,10844762
2020-10-12,V,329.4532,330.4807,323.1981,325.0776,54044088
2020-10-12,XOM,42.0523,43.417,41.6506,41.8438,52661611
2020-10-19,AAPL,130.4952,144.6235,127.0679,142.261,10216520
2020-10-19,AMZN,1690.0806,1726.9982,1612.7731,1640.0761,30181656
2020-10-19,BRK-B,263.6759,264.852,259.4459,261.3054,68126319
2020-10-19,GOOGL,3255.9773,3379.1086,3181.9831,3330.7021,44616178
2020-10-19,HD,291.4064,296.7086,289.0287,295.5783,81780002
2020-10-19,JNJ,162.8663,163.0728,161.3778,161.6277,13156169
2020-10-19,JPM,185.3979,190.057,173.4384,175.1682,20388127
2020-10-19,MA,370.2759,374.1558,354.748,357.7753,22439747
2020-10-19,META,333.2099,346.2667,312.4561,315.7678,28972597
2020-10-19,MSFT,235.8632,235.99,227.1076,228.1202,55925557
2020-10-19,NVDA,340.7989,361.9605,310.0465,357.8386,60080382
2020-10-19,PG,157.2806,159.0978,157.2639,159.0516,54756051
2020-10-19,UNH,487.5206,488.2973,483.9042,484.6529,8006402
2020-10-19,V,322.0064,322.8209,305.3117,306.9125,104389433
2020-10-19,XOM,41.556,41.6914,39.8889,40.144,49410319
2020-10-26,AAPL,143.4135,144.519,140.1001,140.3691,25623770
2020-10-26,AMZN,1647.2513,1675.4557,1640.8008,1672.7977,35984369
2020-10-26,BRK-B,262.9613,267.2838,255.9103,259.4223,35507034
2020-10-26,GOOGL,3330.2156,3381.2364,3291.9204,3358.8001,39275798
2020-10-26,HD,295.8793,298.0378,294.1777,294.9969,55755818
2020-10-26,JNJ,162.0414,163.2996,161.7786,163.0117,10784003
2020-10-26,JPM,176.1893,179.0359,175.4364,177.2424,27141807
2020-10-26,MA,359.7614,362.6592,340.0062,342.0793,23557722
2020-10-26,META,314.8094,331.4574,299.7742,309.0286,14432842
2020-10-26,MSFT,227.1968,227.3189,217.0332,217.7335,78181713
2020-10-26,NVDA,352.0503,394.3004,351.5295,392.5812,88063022
2020-10-26,PG,158.8771,165.548,158.3642,164.5768,68664560
2020-10-26,UNH,488.7489,494.4763,482.2967,482.551,12371915
2020-10-26,V,306.2636,308.8765,298.1792,299.8466,39739319
2020-10-26,XOM,39.9672,40.2887,38.9691,39.4542,45874708
2020-11-02,AAPL,140.2598,144.7834,139.936,142.8791,10015214
2020-11-02,AMZN,1675.3609,1694.9664,1664.3183,1679.561,38995417
2020-11-02,BRK-B,259.3458,261.3261,249.3504,252.0793,81949694
2020-11-02,GOOGL,3317.9381,3359.5855,3141.0746,3207.8936,91003781
2020-11-02,HD,296.3126,308.667,292.903,307.3726,77427283
2020-11-02,JNJ,163.0437,169.653,162.3695,169.5849,16212964
2020-11-02,JPM,176.1998,177.5331,172.8269,175.2227,23178133
2020-11-02,MA,347.3299,350.4449,344.2574,348.1094,14266860
2020-11-02,META,305.527,323.9113,301.7588,320.4382,17582795
2020-11-02,MSFT,214.4912,229.1588,214.4565,223.4185,63308545
2020-11-02,NVDA,394.4638,407.852,394.269,399.4267,67211376
2020-11-02,PG,164.5658,165.1245,163.5315,163.6395,126214248
2020-11-02,UNH,482.5128,485.2181,466.4806,474.4602,12248802
2020-11-02,V,301.4928,310.0095,299.9642,308.8268,73507934
2020-11-02,XOM,39.1148,40.8785,39.0036,40.4811,29827106
2020-11-09,AAPL,143.1438,145.2672,142.9981,144.31,14750493
2020-11-09,AMZN,1679.232,1683.0121,1573.7492,1615.2809,41456793
2020-11-09,BRK-B,251.8186,263.87,250.4594,263.3553,79134066
2020-11-09,GOOGL,3215.2006,3223.0254,3109.8149,3127.7441,51059640
2020-11-09,HD,307.2276,322.3944,305.6758,320.7599,28726734
2020-11-09,JNJ,170.5852,172.0593,169.8654,170.4235,11801985
2020-11-09,JPM,175.4897,184.3593,175.0103,182.6672,33441521
2020-11-09,MA,346.3197,349.1756,324.9845,326.0661,12065394
2020-11-09,META,321.7635,322.9216,311.2764,312.4069,27221750
2020-11-09,MSFT,223.8974,227.258,218.9193,222.8409,115740157
2020-11-09,NVDA,397.4921,428.9414,378.9157,409.0601,85090967
2020-11-09,PG,164.5714,165.747,162.1946,162.5253,50176532
2020-11-09,UNH,475.8366,489.0144,471.7616,488.8621,14397081
2020-11-09,V,308.5092,308.6688,306.3105,307.0253,76956913
2020-11-09,XOM,40.366,41.4337,40.1495,41.1736,60533420
2020-11-16,AAPL,143.2032,145.5638,142.9564,144.7522,13513395
2020-11-16,AMZN,1617.3018,1732.0778,1604.2931,1650.0036,57086000
2020-11-16,BRK-B,264.5544,271.1,260.6651,269.8915,36188786
2020-11-16,GOOGL,3130.429,3132.7273,3106.7408,3125.2592,55334841
2020-11-16,HD,321.7053,321.7848,311.4513,313.3734,47169620
2020-11-16,JNJ,170.0077,178.2494,168.2858,177.652,11450562
2020-11-16,JPM,183.4835,186.9992,182.606,186.6616,20551153
2020-11-16,MA,322.227,334.1753,305.8935,317.6314,32492822
2020-11-16,META,307.9385,318.694,305.9062,314.6927,30319429
2020-11-16,MSFT,223.9848,224.6488,210.9273,214.6171,107200856
2020-11-16,NVDA,410.9594,412.3797,404.323,409.2108,112649715
2020-11-16,PG,163.0067,163.1815,159.8499,162.9514,107651510
2020-11-16,UNH,485.9198,500.659,481.4038,499.024,12830638
2020-11-16,V,304.5566,307.0995,291.9153,296.4437,102589799
2020-11-16,XOM,41.7953,42.1173,38.3842,38.4973,24465247
2020-11-23,AAPL,143.9913,155.7037,142.022,153.7401,9953299
2020-11-23,AMZN,1652.3927,1665.9497,1582.7698,1587.6812,42171419
2020-11-23,BRK-B,269.7051,271.9208,265.7284,266.0824,38249677
2020-11-23,GOOGL,3129.075,3150.7209,2832.2556,2868.6766,78767650
2020-11-23,HD,314.3887,329.2629,307.663,322.724,69112975
2020-11-23,JNJ,178.1906,179.8758,174.0617,174.1242,17693849
2020-11-23,JPM,186.9408,192.3363,184.5026,188.4868,42068773
2020-11-23,MA,319.481,332.2601,315.3518,331.9945,33059279
2020-11-23,META,306.4866,334.9641,299.1622,330.2286,18513230
2020-11-23,MSFT,213.9976,214.0948,207.8673,208.6335,107689641
2020-11-23,NVDA,424.236,433.4811,415.6719,416.6693,63317567
2020-11-23,PG,163.0463,166.5101,161.3648,165.5248,75115878
2020-11-23,UNH,503.7953,525.1109,496.8528,516.8312,9061414
2020-11-23,V,293.4035,299.0649,285.5934,290.4021,71628901
2020-11-23,XOM,38.4143,39.7154,37.895,39.0736,54420087
2020-11-30,AAPL,154.3536,157.2709,153.1244,156.7601,23478892
2020-11-30,AMZN,1647.1114,1662.0934,1555.6904,1581.9508,21737925
2020-11-30,BRK-B,269.833,273.2091,264.6876,265.7982,31066006
2020-11-30,GOOGL,2770.3099,2783.7906,2630.331,2640.6703,88998022
2020-11-30,HD,325.8839,331.5895,318.7271,321.1369,32216651
2020-11-30,JNJ,174.3175,177.8189,173.664,177.3629,8338059
2020-11-30,JPM,187.2364,190.1175,185.7069,186.5971,17827630
2020-11-30,MA,329.2319,347.6104,322.4449,345.319,26050329
2020-11-30,META,338.0825,344.3961,312.3111,317.8455,34106067
2020-11-30,MSFT,209.48,214.0223,202.8302,203.9525,100367802
2020-11-30,NVDA,404.0388,423.2772,389.8919,416.3416,117827972
2020-11-30,PG,165.3168,165.6838,165.1798,165.5261,72640533
2020-11-30,UNH,515.6544,520.9662,509.0639,509.9797,19827634
2020-11-30,V,290.8508,293.262,269.645,278.3234,99417705
2020-11-30,XOM,39.1094,41.8701,38.6624,40.4493,48747416
2020-12-07,AAPL,156.3601,158.7608,155.7866,158.522,18289060
2020-12-07,AMZN,1574.6392,1578.8789,1509.123,1511.1519,45235092
2020-12-07,BRK-B,266.0358,270.0983,265.9492,268.4491,86041293
2020-12-07,GOOGL,2638.6666,2805.593,2626.5776,2761.835,62529223
2020-12-07,HD,321.6861,322.4415,318.1163,319.383,33912949
2020-12-07,JNJ,176.0949,177.2967,172.1702,173.7279,16006762
2020-12-07,JPM,186.8657,191.531,182.9096,191.2277,39750006
2020-12-07,MA,343.032,349.435,325.4518,326.4699,14477885
2020-12-07,META,317.1957,331.2522,299.8064,328.3312,14030644
2020-12-07,MSFT,203.3655,206.5958,202.7609,203.1139,47825139
2020-12-07,NVDA,419.7507,425.6488,383.2192,391.4912,74896299
2020-12-07,PG,166.2049,167.1661,164.3996,164.5157,78507621
2020-12-07,UNH,510.7243,535.0557,509.4795,517.6582,16488564
2020-12-07,V,281.8122,295.0042,277.5268,292.3431,81751453
2020-12-07,XOM,40.7942,41.4889,38.4411,39.0158,30477052
2020-12-14,AAPL,158.2491,168.0966,157.6817,167.738,11536678
2020-12-14,AMZN,1515.8698,1537.0034,1439.368,1450.5581,42306504
2020-12-14,BRK-B,268.5355,269.04,256.4667,261.2254,45918925
2020-12-14,GOOGL,2734.2706,2880.47,2696.8084,2800.1457,89105078
2020-12-14,HD,321.0538,321.5002,305.3815,308.8294,35437960
2020-12-14,JNJ,173.0062,173.5477,168.8863,169.5673,23151191
2020-12-14,JPM,191.4803,192.2612,186.3966,189.2909,40870971
2020-12-14,MA,324.3718,347.6393,314.3506,336.2832,30657904
2020-12-14,META,325.0002,333.1791,316.6718,320.2126,27971225
2020-12-14,MSFT,201.6965,205.0613,199.9627,203.8094,59364378
2020-12-14,NVDA,394.8377,406.4683,327.8314,336.3965,96819254
2020-12-14,PG,165.5232,166.2251,160.2604,162.0522,123863205
2020-12-14,UNH,516.8468,518.5867,494.6511,497.9705,21213150
2020-12-14,V,290.0865,297.3135,286.3257,291.4876,48625764
2020-12-14,XOM,38.5029,39.5136,36.8604,37.0166,24835360
2020-12-21,AAPL,169.7354,172.7269,154.911,156.464,14921884
2020-12-21,AMZN,1443.8401,1520.6586,1416.0356,1499.7067,38212172
2020-12-21,BRK-B,259.1989,264.8229,258.6286,264.494,43180600
2020-12-21,GOOGL,2852.9477,2868.3747,2561.0093,2606.3815,62136365
2020-12-21,HD,307.6857,318.7373,304.4832,311.2197,62857202
2020-12-21,JNJ,169.5482,169.6192,166.186,167.5728,15657395
2020-12-21,JPM,188.4816,189.8057,183.3134,183.6567,26502597
2020-12-21,MA,334.5808,362.0144,331.5872,360.9112,26783040
2020-12-21,META,320.3862,339.502,320.2132,339.4669,23947038
2020-12-21,MSFT,206.5371,212.7248,202.1638,210.99,59327539
2020-12-21,NVDA,340.1879,355.2356,293.9541,297.8442,80201349
2020-12-21,PG,162.0153,163.9255,161.335,162.612,87467410
2020-12-21,UNH,497.7555,516.1026,492.2578,515.667,20075651
2020-12-21,V,291.9423,292.7508,287.141,287.8975,40463566
2020-12-21,XOM,37.1686,38.9322,37.1184,38.4448,62655155
2020-12-28,AAPL,155.9885,159.324,154.6121,156.2479,17688350
2020-12-28,AMZN,1521.9058,1568.4104,1512.0492,1545.244,31690638
2020-12-28,BRK-B,263.2121,265.5522,258.8777,260.4326,49379758
2020-12-28,GOOGL,2600.8047,2670.5928,2566.1663,2597.6071,54875535
2020-12-28,HD,311.0804,313.2017,292.2547,293.7736,52374458
2020-12-28,JNJ,167.4516,168.2589,164.2377,165.0735,18798576
2020-12-28,JPM,184.1131,184.8855,175.1456,176.0451,42171311
2020-12-28,MA,359.3322,366.7025,357.981,364.2455,32535260
2020-12-28,META,339.1453,343.0227,328.8535,331.3425,23956366
2020-12-28,MSFT,211.2407,213.2453,208.2992,208.8756,78907903
2020-12-28,NVDA,293.3301,300.1565,262.637,263.0286,105745497
2020-12-28,PG,165.1447,168.1804,164.895,167.0066,83715316
2020-12-28,UNH,517.2835,522.6881,514.7871,521.9744,13997678
2020-12-28,V,287.4576,294.8484,285.4492,292.0475,50743790
2020-12-28,XOM,38.2267,38.6455,34.7881,35.2791,50342001
2021-01-04,AAPL,158.3898,164.4881,156.6717,163.5475,18622652
2021-01-04,AMZN,1541.086,1569.1466,1475.5412,1482.9775,29301936
2021-01-04,BRK-B,260.4451,263.0389,253.0758,257.7783,72141363
2021-01-04,GOOGL,2587.3536,2656.9101,2578.7652,2642.9462,91938506
2021-01-04,HD,293.8225,294.4638,285.4113,286.2165,42893932
2021-01-04,JNJ,165.0235,165.8844,163.6306,163.7,8937520
2021-01-04,JPM,175.1074,190.0633,174.9007,189.6413,15578832
2021-01-04,MA,364.3979,373.1197,364.0623,370.3141,24310827
2021-01-04,META,330.5046,347.3201,327.0234,344.0912,23523639
2021-01-04,MSFT,208.5347,208.7196,207.8408,207.8554,115680461
2021-01-04,NVDA,263.6043,271.492,240.0634,241.1069,85996060
2021-01-04,PG,166.7392,167.0126,164.7871,165.2308,85707475
2021-01-04,UNH,522.0966,556.1432,517.5276,554.3185,10543838
2021-01-04,V,292.2553,296.0362,281.8942,281.9179,101705950
2021-01-04,XOM,34.6474,36.2529,34.3836,36.1808,44616889
2021-01-11,AAPL,164.4933,166.3812,162.8828,164.1336,24537282
2021-01-11,AMZN,1487.4959,1523.8609,1460.9252,1519.084,44944718
2021-01-11,BRK-B,257.8913,269.3974,257.7075,267.2841,72072881
2021-01-11,GOOGL,2654.0001,2673.4018,2573.1035,2576.4977,97393969
2021-01-11,HD,284.5357,286.5518,271.1774,283.0158,80880124
2021-01-11,JNJ,163.5691,163.9138,160.2313,160.646,23278783
2021-01-11,JPM,187.934,190.0661,187.4499,189.6248,30805483
2021-01-11,MA,370.386,378.7098,339.7155,347.6777,14355908
2021-01-11,META,340.7891,368.0036,340.1857,362.9457,28836121
2021-01-11,MSFT,208.5029,218.6003,204.4796,216.4606,59995703
2021-01-11,NVDA,245.519,252.4028,222.0186,241.495,105229718
2021-01-11,PG,163.3996,169.144,161.6031,166.8172,76349333
2021-01-11,UNH,554.4794,563.9444,553.6329,562.2084,13071811
2021-01-11,V,282.2071,283.375,275.6268,279.7655,98441893
2021-01-11,XOM,36.2756,39.6349,35.8998,39.1903,32533901
2021-01-18,AAPL,165.1817,169.4443,163.04,164.7464,25893706
2021-01-18,AMZN,1481.9369,1482.5385,1379.3354,1383.2809,31902379
2021-01-18,BRK-B,268.2479,277.642,259.808,275.47,47962248
2021-01-18,GOOGL,2547.9393,2633.361,2521.8845,2594.0725,100924646
2021-01-18,HD,281.599,283.946,269.237,269.7587,78648071
2021-01-18,JNJ,161.2118,166.0061,160.2753,163.7663,19423167
2021-01-18,JPM,190.6213,190.8075,187.9092,188.6507,35638533
2021-01-18,MA,347.1849,366.9298,346.4739,365.5837,30756925
2021-01-18,META,360.3345,362.3263,323.7121,324.7433,23175339
2021-01-18,MSFT,216.6432,225.0509,215.9368,223.7334,76869204
2021-01-18,NVDA,246.6258,252.4698,239.1586,248.7511,118189253
2021-01-18,PG,167.8376,169.6354,166.1158,168.422,50026672
2021-01-18,UNH,562.3401,596.0417,559.3506,592.2397,19753228
2021-01-18,V,280.8529,286.2351,271.7706,271.9105,42934124
2021-01-18,XOM,38.9911,40.2567,38.2273,39.8479,22516186
2021-01-25,AAPL,163.7804,169.1698,161.8116,164.4828,23354268
2021-01-25,AMZN,1393.1676,1542.8893,1370.3312,1519.6763,29350236
2021-01-25,BRK-B,274.8724,288.2669,270.9002,286.4369,73875598
2021-01-25,GOOGL,2563.1923,2614.9772,2556.1451,2614.156,87647176
2021-01-25,HD,271.2451,286.2479,270.1073,285.0777,50939558
2021-01-25,JNJ,164.2108,164.4125,163.2163,163.5815,22621813
2021-01-25,JPM,189.6546,193.9885,188.5108,192.581,15158387
2021-01-25,MA,365.0993,373.3216,364.5937,371.6334,20786560
2021-01-25,META,323.8735,327.8237,313.4008,315.4525,21318047
2021-01-25,MSFT,224.2588,233.9272,223.2581,226.2016,98902104
2021-01-25,NVDA,242.7167,246.7533,237.5392,242.5321,101650131
2021-01-25,PG,169.2653,169.9031,167.3125,169.325,55789598
2021-01-25,UNH,593.234,622.6494,591.708,622.184,19154644
2021-01-25,V,271.851,273.8866,259.343,260.1996,46906827
2021-01-25,XOM,40.335,40.3697,37.929,38.4001,54478705
2021-02-01,AAPL,163.3701,164.3863,157.7156,158.173,19203812
2021-02-01,AMZN,1517.9293,1534.1862,1514.4589,1533.9569,32883473
2021-02-01,BRK-B,285.6652,286.8379,282.9936,283.83,81654934
2021-02-01,GOOGL,2577.722,2616.779,2528.9254,2615.363,102961642
2021-02-01,HD,289.9919,301.3461,289.0116,297.3138,77080292
2021-02-01,JNJ,163.1719,165.848,162.0022,165.0451,19553819
2021-02-01,JPM,192.1242,195.1496,191.9128,194.4089,23358591
2021-02-01,MA,369.8795,380.4429,364.9265,378.2346,26062811
2021-02-01,META,316.1669,333.3432,312.0501,330.522,16118453
2021-02-01,MSFT,226.6588,228.5177,211.8424,212.9121,67102540
2021-02-01,NVDA,252.518,252.9246,236.9933,237.5193,74895485
2021-02-01,PG,170.165,172.0831,166.7188,168.4713,55721069
2021-02-01,UNH,624.1002,626.1853,622.1937,623.9121,12188351
2021-02-01,V,258.4642,275.7427,255.6694,268.865,80712980
2021-02-01,XOM,38.5815,39.1675,37.7556,38.3712,60513547
2021-02-08,AAPL,158.5242,162.2119,157.7265,162.07,17891087
2021-02-08,AMZN,1535.6611,1554.6008,1462.362,1495.3211,39752680
2021-02-08,BRK-B,285.0866,301.2706,284.1269,299.2159,84649294
2021-02-08,GOOGL,2613.1373,2669.1385,2596.1081,2655.5954,61693462
2021-02-08,HD,297.1351,299.7615,295.7597,299.0257,43169548
2021-02-08,JNJ,164.7469,165.2888,162.0997,163.0705,19113629
2021-02-08,JPM,194.2992,198.6077,188.6334,189.0489,27068650
2021-02-08,MA,377.5306,379.4149,371.8124,372.3404,27566911
2021-02-08,META,340.9684,356.5015,306.2815,328.7208,15130558
2021-02-08,MSFT,212.909,214.0172,205.2301,209.5522,113412940
2021-02-08,NVDA,236.5863,261.7133,234.6073,257.7932,41490737
2021-02-08,PG,168.3122,168.672,162.812,164.5345,58849979
2021-02-08,UNH,619.3041,682.4553,618.679,676.1303,20771148
2021-02-08,V,268.5534,272.4893,267.911,271.9776,95044971
2021-02-08,XOM,38.8465,40.3738,38.7081,40.3117,52199813
2021-02-15,AAPL,163.1319,167.8999,145.1773,149.2481,20879268
2021-02-15,AMZN,1506.7002,1520.2836,1439.6888,1463.7098,57829681
2021-02-15,BRK-B,299.288,308.3352,295.8447,302.4687,56249307
2021-02-15,GOOGL,2673.0962,2703.7714,2466.0162,2479.1734,67494740
2021-02-15,HD,299.723,300.0166,297.1453,299.5456,53709976
2021-02-15,JNJ,163.8775,164.2353,162.2508,162.5721,18356419
2021-02-15,JPM,187.5628,189.8597,182.2828,188.1874,23802572
2021-02-15,MA,373.7033,374.3304,371.9191,374.132,26596687
2021-02-15,META,326.309,349.033,325.8781,346.9313,36801638
2021-02-15,MSFT,209.4942,213.1979,201.8088,202.4798,44771721
2021-02-15,NVDA,262.545,265.5423,221.7074,226.9589,87736676
2021-02-15,PG,164.1342,167.0862,164.0875,167.0243,119891736
2021-02-15,UNH,677.1417,691.2502,676.3625,689.0026,16484771
2021-02-15,V,273.3628,291.4718,271.9838,290.0913,101295916
2021-02-15,XOM,39.8536,41.9225,39.7241,41.5479,26664755
2021-02-22,AAPL,150.4393,156.9986,149.8666,154.3034,22766718
2021-02-22,AMZN,1456.9707,1557.1304,1456.8252,1556.9388,39196322
2021-02-22,BRK-B,300.0704,312.4298,297.335,308.5416,69811438
2021-02-22,GOOGL,2462.252,2476.763,2319.744,2336.2285,62253020
2021-02-22,HD,299.1283,300.1187,295.2487,298.3716,59135713
2021-02-22,JNJ,163.2685,163.4213,160.5793,162.3254,15552987
2021-02-22,JPM,189.6809,191.6303,185.6216,185.7943,41877892
2021-02-22,MA,376.1941,377.7931,359.692,364.476,26451925
2021-02-22,META,347.3657,353.3516,336.8277,351.7174,14337626
2021-02-22,MSFT,202.2474,209.3213,201.9421,209.1711,113259135
2021-02-22,NVDA,226.3527,234.7673,225.9022,231.2767,58260552
2021-02-22,PG,167.0295,168.7049,156.9687,157.3443,78696757
2021-02-22,UNH,686.5408,689.3262,655.5356,656.3907,15706700
2021-02-22,V,289.186,293.5158,272.4335,276.6649,82781648
2021-02-22,XOM,42.15,44.9673,41.956,43.4433,56225011
2021-03-01,AAPL,154.1563,156.3339,153.5195,156.0775,25897090
2021-03-01,AMZN,1558.8477,1585.2568,1506.5703,1509.4322,52218418
2021-03-01,BRK-B,306.202,314.9323,305.8748,313.1738,51678249
2021-03-01,GOOGL,2321.5322,2363.0292,2295.7083,2361.755,66723900
2021-03-01,HD,299.4649,303.4877,298.903,303.2669,63562300
2021-03-01,JNJ,161.0646,165.4814,160.2303,165.1648,18714941
2021-03-01,JPM,185.179,194.8199,184.6277,192.5901,39124114
2021-03-01,MA,364.8411,378.5915,364.3494,377.7722,30603377
2021-03-01,META,347.4504,370.3699,343.2777,366.3466,30174622
2021-03-01,MSFT,211.1137,212.3334,198.1178,202.1306,77488119
2021-03-01,NVDA,232.9143,244.4575,201.496,208.3112,108605953
2021-03-01,PG,157.5852,157.7364,155.0631,155.3491,69395007
2021-03-01,UNH,657.8531,668.0875,615.9546,620.2071,12425719
2021-03-01,V,275.8597,276.7251,267.9002,269.3582,45100668
2021-03-01,XOM,43.1352,43.1483,39.7952,40.7277,52870840
2021-03-08,AAPL,157.6082,158.9013,148.4592,149.8185,23087145
2021-03-08,AMZN,1510.5119,1517.4239,1405.6802,1430.3783,44670034
2021-03-08,BRK-B,314.1467,323.0697,309.1174,320.1632,37705983
2021-03-08,GOOGL,2378.9596,2389.7649,2220.5386,2224.4215,97002522
2021-03-08,HD,303.8074,306.4716,296.24,298.9319,32524560
2021-03-08,JNJ,164.6813,167.337,164.2566,166.7805,21900449
2021-03-08,JPM,191.9864,209.6649,191.2632,207.9828,36634579
2021-03-08,MA,377.8928,378.433,369.9767,377.4399,21948976
2021-03-08,META,369.91,392.5392,368.89,386.5462,31083537
2021-03-08,MSFT,202.3911,206.9951,201.6819,205.5799,43034473
2021-03-08,NVDA,203.2493,232.9342,197.4136,231.0978,104359802
2021-03-08,PG,155.6643,156.1788,154.0431,155.4804,116032791
2021-03-08,UNH,622.2699,647.5811,614.7943,636.7847,21560019
2021-03-08,V,270.3386,272.7433,257.5987,258.3133,55233024
2021-03-08,XOM,40.9981,41.3129,39.0774,39.3887,29324538
2021-03-15,AAPL,151.1253,156.3319,149.7336,154.8803,11152767
2021-03-15,AMZN,1418.8081,1489.7856,1405.0821,1465.4856,23089014
2021-03-15,BRK-B,320.8446,322.0109,308.0936,312.9691,32699614
2021-03-15,GOOGL,2221.0148,2221.9712,2189.3865,2191.1284,99496729
2021-03-15,HD,297.5366,302.228,285.5085,289.8382,73704494
2021-03-15,JNJ,166.471,172.2774,165.7047,170.7961,20619269
2021-03-15,JPM,208.8181,212.8741,207.0081,212.159,41452565
2021-03-15,MA,375.8565,379.5092,374.6981,378.8564,33405374
2021-03-15,META,386.7939,421.9211,383.8803,420.7115,28021829
2021-03-15,MSFT,204.9815,206.5679,193.0449,195.7769,115304953
2021-03-15,NVDA,220.3818,222.1572,199.6862,208.2546,80647867
2021-03-15,PG,155.1258,161.447,154.0064,159.4201,74476853
2021-03-15,UNH,635.9697,636.8212,596.6291,602.2937,10216814
2021-03-15,V,256.4525,264.8245,254.095,261.5437,95130271
2021-03-15,XOM,38.9823,42.738,38.4181,42.1935,23530156
2021-03-22,AAPL,152.184,172.9606,151.1752,169.0334,9238141
2021-03-22,AMZN,1449.4058,1473.2179,1413.3006,1464.17,46995603
2021-03-22,BRK-B,314.9449,319.6909,310.7704,312.349,78566485
2021-03-22,GOOGL,2168.9067,2248.7359,2153.2234,2241.8265,45616495
2021-03-22,HD,288.3315,289.1552,278.7547,283.1051,80131526
2021-03-22,JNJ,169.8962,172.4866,169.8686,171.9879,14377503
2021-03-22,JPM,211.8706,212.9295,203.428,206.6479,33363819
2021-03-22,MA,380.872,389.3893,377.4602,389.0759,16768569
2021-03-22,META,435.9561,445.3022,425.0825,435.9014,18195513
2021-03-22,MSFT,195.5944,209.1914,193.4704,208.1517,80367699
2021-03-22,NVDA,210.2478,214.7551,197.6685,200.5378,78958878
2021-03-22,PG,159.1677,164.5844,158.6312,164.5122,53573719
2021-03-22,UNH,600.298,611.6605,563.8794,576.2823,9213591
2021-03-22,V,259.1223,260.9247,234.8863,239.8609,35654467
2021-03-22,XOM,42.284,44.3173,40.7621,44.2217,47999767
2021-03-29,AAPL,166.8701,182.6493,164.6117,177.7975,14460823
2021-03-29,AMZN,1469.5788,1480.9833,1339.5514,1366.5923,21128269
2021-03-29,BRK-B,313.4483,316.5227,304.1498,307.4757,56571259
2021-03-29,GOOGL,2269.7186,2277.4228,2203.5107,2248.4106,92921198
2021-03-29,HD,283.9682,291.9017,282.5605,291.6988,30942756
2021-03-29,JNJ,171.7807,174.1867,171.4323,173.0439,17967035
2021-03-29,JPM,207.6396,219.1149,205.7291,217.3771,21031062
2021-03-29,MA,391.2311,413.2932,384.1184,409.2028,13896523
2021-03-29,META,439.7092,495.5157,432.1297,473.3153,15064924
2021-03-29,MSFT,208.0755,210.8739,207.1883,209.3035,74880669
2021-03-29,NVDA,200.7492,212.9355,195.9716,211.9484,75972525
2021-03-29,PG,163.1754,163.682,159.0119,159.1912,69023714
2021-03-29,UNH,573.2503,610.9676,572.488,610.3977,21261144
2021-03-29,V,242.77,250.7334,242.7446,247.3876,49357255
2021-03-29,XOM,44.9824,45.4359,43.0109,43.0365,30073573
2021-04-05,AAPL,175.3195,188.4917,175.1628,181.5941,14135895
2021-04-05,AMZN,1349.8713,1366.5989,1331.9423,1364.3304,38354897
2021-04-05,BRK-B,308.2025,316.7663,306.7801,314.1009,52405692
2021-04-05,GOOGL,2258.5544,2419.8486,2245.4647,2399.4291,86828318
2021-04-05,HD,289.9051,305.2147,288.619,305.0351,39825172
2021-04-05,JNJ,175.0842,178.5231,172.0675,172.6552,9719789
2021-04-05,JPM,218.7776,220.8094,210.0769,211.5005,20523278
2021-04-05,MA,411.2237,412.842,387.669,390.7767,20758260
2021-04-05,META,467.8773,473.1589,422.0897,424.0345,17192902
2021-04-05,MSFT,209.8348,210.3313,208.5341,209.5345,41402536
2021-04-05,NVDA,215.9376,216.1341,203.0658,207.6014,46087394
2021-04-05,PG,159.9773,160.422,157.8793,158.8811,124009931
2021-04-05,UNH,609.4665,619.5539,599.3528,619.1557,7327182
2021-04-05,V,246.4454,253.9385,238.5213,246.1979,62967722
2021-04-05,XOM,42.7251,43.6129,42.1841,43.6098,36708776
2021-04-12,AAPL,181.7036,186.0374,181.4008,185.0149,9539228
2021-04-12,AMZN,1367.8078,1438.6783,1348.8258,1434.1515,54383662
2021-04-12,BRK-B,313.4246,314.9837,304.3489,305.9933,38234016
2021-04-12,GOOGL,2426.9243,2502.3668,2358.968,2400.1278,94871261
2021-04-12,HD,304.0984,309.6603,301.5434,307.2188,76888072
2021-04-12,JNJ,173.5005,173.5837,169.5607,170.0224,12103924
2021-04-12,JPM,210.731,211.1868,206.0408,206.9781,15391006
2021-04-12,MA,392.2724,394.1791,383.6874,387.3977,25936290
2021-04-12,META,427.7732,439.1485,419.7498,433.7825,35363022
2021-04-12,MSFT,209.0561,211.6859,199.1793,200.774,93026239
2021-04-12,NVDA,206.613,215.5139,199.9148,204.1443,104488777
2021-04-12,PG,159.2478,161.2588,158.7721,160.3063,105452592
2021-04-12,UNH,617.4138,624.7436,608.4232,612.3135,11974940
2021-04-12,V,243.5937,255.477,239.0488,250.5947,75576308
2021-04-12,XOM,43.5415,43.9756,43.4244,43.549,52802151
2021-04-19,AAPL,185.1846,186.3649,179.5866,180.1376,20850519
2021-04-19,AMZN,1435.1765,1437.5881,1264.8785,1270.1064,30630893
2021-04-19,BRK-B,305.6582,306.1452,303.3246,304.1369,74628085
2021-04-19,GOOGL,2412.5046,2512.0078,2355.7909,2382.18,50881252
2021-04-19,HD,308.3075,308.4909,305.0143,306.6197,55834220
2021-04-19,JNJ,169.8389,170.2493,168.5975,169.8219,9563495
2021-04-19,JPM,206.7908,215.9113,205.3069,214.433,20251843
2021-04-19,MA,383.1642,384.4743,376.9317,380.6213,19052704
2021-04-19,META,434.6453,445.6219,431.2642,441.5183,21505912
2021-04-19,MSFT,200.4275,202.4034,199.8459,201.3379,112341056
2021-04-19,NVDA,203.6034,209.1202,200.8952,206.8634,66520548
2021-04-19,PG,159.55,161.2586,158.4506,159.6817,79849854
2021-04-19,UNH,602.9456,612.6271,601.9448,609.0664,17938333
2021-04-19,V,248.9488,249.3314,248.0887,249.1136,41421720
2021-04-19,XOM,44.3776,44.7656,41.765,43.0057,31807499
2021-04-26,AAPL,180.6664,182.7902,177.0937,178.4583,13318016
2021-04-26,AMZN,1241.5996,1320.9639,1231.1257,1308.8853,22054143
2021-04-26,BRK-B,302.841,303.1683,289.6562,291.5019,77858011
2021-04-26,GOOGL,2404.9103,2410.7525,2367.3031,2389.8602,97384911
2021-04-26,HD,305.3731,306.2571,297.0577,298.5592,39123331
2021-04-26,JNJ,170.2502,170.457,165.8726,166.2802,11572745
2021-04-26,JPM,213.3082,218.3465,210.8587,217.2477,38111086
2021-04-26,MA,380.648,382.2309,369.486,370.599,26288884
2021-04-26,META,440.0163,454.8465,435.4627,452.2857,28083252
2021-04-26,MSFT,198.3387,205.2773,193.2457,204.3999,60148827
2021-04-26,NVDA,205.7951,218.3119,204.785,215.1281,75376755
2021-04-26,PG,160.1896,163.5765,160.0178,161.9729,79246654
2021-04-26,UNH,602.7863,617.6127,601.601,613.038,10003236
2021-04-26,V,249.4917,259.3853,248.5493,256.9251,101595028
2021-04-26,XOM,43.0905,46.2692,42.8028,46.2368,42670570
2021-05-03,AAPL,178.9881,179.3247,162.2541,162.4663,21605214
2021-05-03,AMZN,1309.7465,1386.0591,1295.2764,1350.298,27155177
2021-05-03,BRK-B,291.1905,293.3009,286.9317,287.7982,43687216
2021-05-03,GOOGL,2380.4793,2528.909,2317.1898,2518.8054,89258567
2021-05-03,HD,295.7143,298.5496,293.7629,295.3545,73442019
2021-05-03,JNJ,166.404,173.7081,165.1927,172.6203,18348095
2021-05-03,JPM,217.1089,222.5726,209.4284,209.8643,38410940
2021-05-03,MA,371.2202,383.1317,370.193,374.7962,30622467
2021-05-03,META,456.4242,461.249,442.6475,454.7103,17570197
2021-05-03,MSFT,205.7238,206.103,203.6411,204.5715,41678237
2021-05-03,NVDA,215.1523,224.8497,212.8187,222.6688,40487544
2021-05-03,PG,160.2456,165.4991,160.1761,164.2361,79154653
2021-05-03,UNH,613.5814,620.1129,594.7823,595.5806,16283280
2021-05-03,V,253.7384,268.2089,251.4381,266.9423,63408615
2021-05-03,XOM,46.1019,48.194,45.3992,48.0091,46258595
2021-05-10,AAPL,161.9885,172.4788,161.8934,171.0043,24364386
2021-05-10,AMZN,1366.0504,1366.3376,1292.9441,1315.8291,24839317
2021-05-10,BRK-B,287.1098,298.789,285.8637,298.5401,73967900
2021-05-10,GOOGL,2522.0615,2622.9028,2293.8501,2336.9155,78438598
2021-05-10,HD,300.5163,314.1509,295.2828,312.7152,38371809
2021-05-10,JNJ,172.8002,175.0428,171.5988,173.4363,13061259
2021-05-10,JPM,209.9947,225.2324,209.7268,220.4059,40550822
2021-05-10,MA,374.4528,374.695,357.9732,358.443,29718649
2021-05-10,META,454.9458,465.8389,441.4325,441.618,33929095
2021-05-10,MSFT,206.4863,208.3082,198.4698,201.032,107853033
2021-05-10,NVDA,220.4528,226.6827,216.0796,217.5882,66475638
2021-05-10,PG,164.2647,170.1722,163.6184,170.1525,109155867
2021-05-10,UNH,599.5432,604.9406,576.5694,600.2666,19103745
2021-05-10,V,269.2928,273.5287,263.3438,267.3184,76464123
2021-05-10,XOM,48.1628,49.1974,45.9717,46.7246,62771353
2021-05-17,AAPL,169.5638,170.5235,165.1043,167.2286,26691918
2021-05-17,AMZN,1326.2906,1404.6862,1301.8244,1346.431,22138237
2021-05-17,BRK-B,298.8605,303.0424,297.1981,302.679,56189128
2021-05-17,GOOGL,2316.7995,2525.6877,2316.704,2514.0847,54031465
2021-05-17,HD,310.3533,319.247,305.7816,317.5835,36376657
2021-05-17,JNJ,171.9903,174.5442,169.7256,170.041,23310900
2021-05-17,JPM,220.7827,222.1858,216.4714,217.601,20560118
2021-05-17,MA,358.2111,361.0096,356.0145,359.855,22194703
2021-05-17,META,452.6758,455.394,430.3113,455.3827,20010340
2021-05-17,MSFT,202.0269,202.2701,192.8271,194.5785,59280423
2021-05-17,NVDA,224.7638,226.2416,183.3965,192.2424,52998061
2021-05-17,PG,171.497,172.1218,168.711,169.8262,101326615
2021-05-17,UNH,599.6962,601.7674,574.4583,582.4899,13928796
2021-05-17,V,267.2237,267.7612,262.1173,264.6471,74119499
2021-05-17,XOM,46.6568,47.334,45.6627,46.258,31767159
2021-05-24,AAPL,166.5431,167.0622,158.2845,158.4208,21811823
2021-05-24,AMZN,1354.6459,1381.9337,1341.3033,1376.9671,22031593
2021-05-24,BRK-B,304.0845,308.8085,300.7549,306.589,65115003
2021-05-24,GOOGL,2485.606,2489.5739,2430.5311,2443.5223,87533040
2021-05-24,HD,314.5422,330.4424,309.5381,327.8814,34874552
2021-05-24,JNJ,170.3855,176.9306,169.7565,176.7144,15246799
2021-05-24,JPM,219.7264,222.0991,215.2005,220.5435,43595455
2021-05-24,MA,360.7999,366.0405,359.3767,363.6554,23535811
2021-05-24,META,465.4334,515.3042,456.9041,504.9588,26970104
2021-05-24,MSFT,192.7477,194.1316,187.251,191.1462,100738383
2021-05-24,NVDA,196.2633,201.827,189.9649,199.3444,107284333
2021-05-24,PG,169.3499,172.7794,168.8478,171.7964,81223399
2021-05-24,UNH,581.0895,599.3363,578.3362,596.6376,12315546
2021-05-24,V,264.1947,264.5248,262.0229,264.4313,44411054
2021-05-24,XOM,46.386,46.8481,44.7579,45.0743,29589689
2021-05-31,AAPL,158.062,165.5322,157.3308,164.2895,23155298
2021-05-31,AMZN,1367.965,1560.4637,1353.5643,1550.2727,52653107
2021-05-31,BRK-B,305.5235,310.9308,301.2773,310.0613,53345824
2021-05-31,GOOGL,2451.576,2478.398,2272.1365,2281.7851,49628366
2021-05-31,HD,331.3296,333.8248,324.5722,329.3698,77883978
2021-05-31,JNJ,176.7372,177.1563,170.6528,172.0905,12255978
2021-05-31,JPM,220.0409,225.9928,215.8258,224.8413,35502590
2021-05-31,MA,366.6976,379.2733,366.5768,376.4329,12084360
2021-05-31,META,501.0203,518.7267,491.9393,511.7461,26971825
2021-05-31,MSFT,189.4035,195.1829,189.0904,192.0639,62874116
2021-05-31,NVDA,198.8579,204.3961,197.459,202.2357,55410402
2021-05-31,PG,171.8501,172.059,169.979,170.3466,91880570
2021-05-31,UNH,596.154,631.4571,594.9211,616.6103,17549312
2021-05-31,V,265.1804,272.4433,263.3473,270.4416,105395853
2021-05-31,XOM,44.214,47.2071,43.965,46.2162,35886416
2021-06-07,AAPL,164.7748,167.7351,162.4854,163.2466,19439437
2021-06-07,AMZN,1555.9739,1568.7091,1300.7843,1343.947,38923410
2021-06-07,BRK-B,310.7312,315.5501,310.6415,314.0111,77413069
2021-06-07,GOOGL,2306.0799,2327.3838,2166.5031,2186.7267,94073391
2021-06-07,HD,332.7542,334.8711,327.753,330.5302,63451537
2021-06-07,JNJ,170.561,175.5597,170.5417,173.3836,9663277
2021-06-07,JPM,226.3209,227.7404,224.1617,224.3325,44854906
2021-06-07,MA,374.0281,374.2041,365.9632,366.9757,27262171
2021-06-07,META,510.0714,526.9075,502.3079,520.1158,15378459
2021-06-07,MSFT,191.8459,196.4995,190.7679,193.044,108377611
2021-06-07,NVDA,198.8007,232.0072,193.3076,227.2021,45131436
2021-06-07,PG,170.6974,173.4263,170.0964,173.1675,75031153
2021-06-07,UNH,616.9104,620.5291,587.4756,592.0866,21825958
2021-06-07,V,271.5943,279.2361,269.7218,277.7391,50436675
2021-06-07,XOM,46.3289,47.2494,42.5264,43.7179,21235201
2021-06-14,AAPL,164.8457,171.1303,164.529,170.1746,16302076
2021-06-14,AMZN,1350.4981,1433.4292,1332.3255,1429.505,53925243
2021-06-14,BRK-B,312.5924,323.1568,310.7505,321.7933,69433560
2021-06-14,GOOGL,2200.4872,2225.6779,2158.9189,2211.4701,94177353
2021-06-14,HD,329.3722,331.3366,318.8182,324.6735,44770488
2021-06-14,JNJ,171.8634,176.2511,171.7857,175.6462,22400961
2021-06-14,JPM,222.1715,223.8731,216.3538,217.6916,27086430
2021-06-14,MA,365.549,367.6182,364.9008,366.8679,12101440
2021-06-14,META,503.1416,570.4479,488.9401,551.1135,32769175
2021-06-14,MSFT,192.387,192.8502,187.4799,188.9246,50846765
2021-06-14,NVDA,229.3784,246.4122,228.5426,245.3442,42592785
2021-06-14,PG,172.6141,172.7264,170.0844,171.204,55820544
2021-06-14,UNH,596.3895,600.9049,594.8761,598.941,15049447
2021-06-14,V,278.2981,278.3044,265.595,266.2844,102192937
2021-06-14,XOM,44.0082,44.8151,41.4693,41.7878,33483203
2021-06-21,AAPL,170.2274,183.4551,168.8635,183.2365,16732493
2021-06-21,AMZN,1424.8266,1476.5851,1364.5905,1465.3567,39731796
2021-06-21,BRK-B,321.5832,325.0008,314.4312,320.6848,68718833
2021-06-21,GOOGL,2216.5781,2226.2666,2116.5074,2164.7474,50358048
2021-06-21,HD,321.1105,333.2824,317.023,331.3731,71871134
2021-06-21,JNJ,176.4535,177.1683,171.9382,172.604,13828653
2021-06-21,JPM,219.0617,219.2128,199.5678,202.0612,33396428
2021-06-21,MA,361.9801,379.0348,361.591,379.0209,31964553
2021-06-21,META,555.4939,555.6361,527.0905,528.7148,35723194
2021-06-21,MSFT,188.7529,190.7385,186.6916,187.8239,52092149
2021-06-21,NVDA,247.0507,256.935,242.0388,256.4654,71441912
2021-06-21,PG,170.5237,175.8019,169.9529,174.2934,96185055
2021-06-21,UNH,595.5673,600.8134,579.2684,594.0046,11165217
2021-06-21,V,265.1661,268.5026,259.7161,261.6988,54273835
2021-06-21,XOM,42.0226,44.8433,41.8563,44.1955,23917806
2021-06-28,AAPL,183.7352,188.0267,179.5152,185.7895,19624974
2021-06-28,AMZN,1478.2229,1496.8807,1433.0075,1496.6557,25281231
2021-06-28,BRK-B,321.5602,333.1143,319.197,328.7231,45152541
2021-06-28,GOOGL,2151.8039,2191.4928,2050.7423,2185.2511,71091721
2021-06-28,HD,329.4415,361.9353,325.3437,356.5415,77326882
2021-06-28,JNJ,172.5963,175.1142,172.1875,174.2439,11130927
2021-06-28,JPM,202.84,204.039,199.6965,202.0605,44735834
2021-06-28,MA,379.005,380.6048,366.7974,372.3177,23120874
2021-06-28,META,531.6465,544.4171,518.0479,535.9057,15210810
2021-06-28,MSFT,186.9831,200.1899,186.4034,196.6007,50820355
2021-06-28,NVDA,260.26,295.3516,255.8706,283.7409,56485358
2021-06-28,PG,174.6552,175.6763,171.9075,173.0063,88982615
2021-06-28,UNH,597.0768,597.4728,564.6853,570.2353,14436718
2021-06-28,V,262.37,279.7595,261.6789,278.2382,67589336
2021-06-28,XOM,44.1538,45.9897,43.8757,45.9734,35298594
2021-07-05,AAPL,185.5832,187.8533,176.672,177.9145,19339188
2021-07-05,AMZN,1499.3203,1525.5634,1315.8082,1336.9251,28688444
2021-07-05,BRK-B,329.1754,329.4672,320.7745,321.3101,69651143
2021-07-05,GOOGL,2189.6066,2391.3659,2185.0165,2360.4334,90397020
2021-07-05,HD,354.7902,373.3993,354.0527,372.3374,60382703
2021-07-05,JNJ,173.7484,181.6833,173.6511,181.5837,20013299
2021-07-05,JPM,202.4953,210.5971,200.8853,209.2902,39206286
2021-07-05,MA,371.8378,374.2856,369.187,372.0035,18728954
2021-07-05,META,534.5472,576.9881,519.8987,558.8812,27531754
2021-07-05,MSFT,196.7112,200.4378,194.3778,199.7458,106144006
2021-07-05,NVDA,284.5854,300.0263,282.2213,299.7299,57250531
2021-07-05,PG,172.6335,172.8618,163.0983,163.4399,49769350
2021-07-05,UNH,567.9762,587.3713,561.8476,585.2559,21813432
2021-07-05,V,276.66,286.9634,271.9572,284.8096,85127839
2021-07-05,XOM,46.207,47.0963,44.143,44.7101,28593941
2021-07-12,AAPL,177.4481,181.0084,175.76,180.4945,23215730
2021-07-12,AMZN,1333.9968,1356.0343,1306.5788,1355.1822,21194594
2021-07-12,BRK-B,321.7138,325.3977,316.0801,325.0215,69363453
2021-07-12,GOOGL,2358.0829,2393.1038,2135.3447,2139.3166,97987471
2021-07-12,HD,378.3184,383.1721,363.8218,364.8848,56165028
2021-07-12,JNJ,181.7306,185.0357,179.063,181.6994,17590149
2021-07-12,JPM,206.5741,212.2686,204.8028,211.555,29093398
2021-07-12,MA,372.2938,378.9167,370.7231,376.109,27459504
2021-07-12,META,559.5651,588.3392,551.7085,575.9086,22575771
2021-07-12,MSFT,199.0072,204.4872,197.3716,204.4692,91818460
2021-07-12,NVDA,303.2595,322.2854,296.3742,307.7941,57133751
2021-07-12,PG,163.2663,164.1303,161.2345,163.2206,109475950
2021-07-12,UNH,587.4147,591.1618,581.0164,584.1202,17239008
2021-07-12,V,282.6845,285.1027,281.6911,282.8193,56500742
2021-07-12,XOM,44.4623,44.7575,42.486,42.7338,58453819
2021-07-19,AAPL,180.5025,193.8425,180.0319,188.1309,22301000
2021-07-19,AMZN,1365.4089,1427.8722,1341.558,1425.5687,19874188
2021-07-19,BRK-B,326.915,339.3686,326.0762,335.7428,48410938
2021-07-19,GOOGL,2124.3652,2143.7286,2068.9484,2094.4255,39370409
2021-07-19,HD,364.4646,365.2267,354.2562,354.4042,77886160
2021-07-19,JNJ,181.2183,185.2352,178.7229,184.0756,16033250
2021-07-19,JPM,214.6067,216.692,214.5738,215.7315,31540191
2021-07-19,MA,378.0542,395.7056,377.0623,392.2715,23443210
2021-07-19,META,576.0023,595.1874,568.2288,586.2099,31012479
2021-07-19,MSFT,204.3266,209.9177,198.3091,200.0231,117625212
2021-07-19,NVDA,309.0259,323.5401,302.1979,309.9436,63964675
2021-07-19,PG,163.1198,170.657,162.4495,170.1496,130127352
2021-07-19,UNH,582.7201,586.6118,579.844,580.5364,18302446
2021-07-19,V,288.4745,288.5593,279.4656,284.1189,76835584
2021-07-19,XOM,42.7328,43.7266,42.5302,43.3511,26622292
2021-07-26,AAPL,188.0133,189.5783,185.3253,188.9876,14686651
2021-07-26,AMZN,1421.9302,1507.9063,1370.4164,1483.1597,41047021
2021-07-26,BRK-B,335.1547,343.0145,332.7409,340.0094,56682622
2021-07-26,GOOGL,2095.3231,2279.6574,2087.2067,2264.0727,87824135
2021-07-26,HD,352.5541,355.3978,346.5954,347.1936,28569712
2021-07-26,JNJ,183.703,187.5049,181.9452,187.1624,11312772
2021-07-26,JPM,215.805,225.4597,213.8201,224.3398,22710724
2021-07-26,MA,391.108,422.0959,390.7231,412.8886,16550762
2021-07-26,META,589.2535,653.1442,589.101,652.8513,36622599
2021-07-26,MSFT,200.8188,210.1847,199.6921,208.8356,67973501
2021-07-26,NVDA,309.6435,323.222,274.2715,291.3498,62511274
2021-07-26,PG,169.3271,172.7726,169.0627,172.3723,74927415
2021-07-26,UNH,586.8134,589.0904,578.5956,582.7119,17506419
2021-07-26,V,281.7175,281.7539,268.0274,269.8845,85931265
2021-07-26,XOM,42.6803,45.5145,41.7901,45.4896,37488917
2021-08-02,AAPL,189.8585,191.4431,180.4383,182.9278,10018325
2021-08-02,AMZN,1482.4722,1537.8203,1446.0332,1531.5453,29066974
2021-08-02,BRK-B,338.8195,348.3565,337.9098,339.1675,65441483
2021-08-02,GOOGL,2263.2733,2279.1582,2200.9856,2269.8711,65287842
2021-08-02,HD,345.1284,346.5056,341.7351,342.2585,68394437
2021-08-02,JNJ,186.5698,187.3046,180.7999,182.2274,21118610
2021-08-02,JPM,226.4106,227.7855,218.7402,223.6302,26853101
2021-08-02,MA,412.3425,419.0935,408.3028,416.2625,13491560
2021-08-02,META,647.6269,659.2169,640.9075,657.818,19250712
2021-08-02,MSFT,207.3125,218.3874,204.6479,214.1177,99476117
2021-08-02,NVDA,289.0226,294.1625,267.6168,283.2726,54984919
2021-08-02,PG,173.2231,177.2424,172.9862,175.4825,125852984
2021-08-02,UNH,579.2119,586.3382,558.662,562.7967,9457890
2021-08-02,V,265.9973,288.1935,263.1562,284.4484,78710735
2021-08-02,XOM,46.2899,47.0848,44.6109,45.1573,33677023
2021-08-09,AAPL,182.5766,184.3471,177.6401,181.0775,9281062
2021-08-09,AMZN,1545.2498,1575.1951,1514.3331,1544.2332,57358182
2021-08-09,BRK-B,340.9253,354.5875,339.5992,349.5886,61706361
2021-08-09,GOOGL,2266.5022,2383.7415,2263.2087,2358.5111,45036933
2021-08-09,HD,342.6685,363.9078,342.6074,361.9323,67768617
2021-08-09,JNJ,182.9818,183.4063,174.5844,174.7727,15331516
2021-08-09,JPM,228.8461,239.7874,226.9714,236.4367,31463856
2021-08-09,MA,415.833,418.5567,406.0761,411.5925,33290995
2021-08-09,META,657.0294,658.7695,646.3585,655.2017,25598241
2021-08-09,MSFT,213.7729,214.0164,212.128,212.3151,47482585
2021-08-09,NVDA,278.3767,313.6794,277.9719,304.4754,43291743
2021-08-09,PG,175.1948,176.2395,170.8894,171.161,48650680
2021-08-09,UNH,566.8137,569.7473,558.0184,564.7244,13672102
2021-08-09,V,285.1261,287.0736,275.9053,278.3684,53838100
2021-08-09,XOM,45.4139,46.0337,41.3622,41.7156,21590515
2021-08-16,AAPL,183.6655,186.537,165.1593,167.2611,11174298
2021-08-16,AMZN,1582.7302,1621.1729,1491.4644,1519.3747,39972696
2021-08-16,BRK-B,347.6109,365.8265,345.3162,363.6401,59396481
2021-08-16,GOOGL,2324.1657,2536.9509,2290.8549,2505.8314,39814219
2021-08-16,HD,361.2946,371.0848,355.863,360.1634,74140789
2021-08-16,JNJ,174.7508,175.4845,168.624,169.3631,8256049
2021-08-16,JPM,235.0906,243.0117,231.2107,239.9293,43102459
2021-08-16,MA,409.7541,412.0143,405.2777,405.5879,28087315
2021-08-16,META,662.2253,709.318,651.9028,707.5487,24219154
2021-08-16,MSFT,210.8444,211.9532,209.8606,209.8682,74583277
2021-08-16,NVDA,306.4731,306.6389,264.1235,266.514,64218264
2021-08-16,PG,170.5785,172.7161,168.5459,170.1745,76110485
2021-08-16,UNH,565.9279,572.0404,545.4907,551.2924,8420547
2021-08-16,V,278.7198,283.5598,274.4941,283.1361,55555141
2021-08-16,XOM,41.3381,41.6489,39.4142,39.9122,41321596
2021-08-23,AAPL,171.8397,173.2484,146.6121,148.175,21416670
2021-08-23,AMZN,1496.1926,1504.4348,1451.9023,1455.7627,23219383
2021-08-23,BRK-B,359.376,376.7711,359.3404,371.9589,69637921
2021-08-23,GOOGL,2520.2224,2562.1508,2503.5,2541.0525,54787297
2021-08-23,HD,363.8467,373.958,361.8229,370.8923,65893533
2021-08-23,JNJ,169.1122,169.3736,164.3215,166.9341,16820723
2021-08-23,JPM,241.8675,243.4559,231.6559,232.1756,15715926
2021-08-23,MA,403.6752,405.0309,386.7001,392.398,16535158
2021-08-23,META,733.3833,781.6701,719.072,772.1281,17534836
2021-08-23,MSFT,209.677,211.7654,208.2469,208.3623,51526603
2021-08-23,NVDA,262.9285,265.6706,251.3247,255.002,45052542
2021-08-23,PG,169.8361,170.2308,165.843,166.7464,54496513
2021-08-23,UNH,558.3151,569.4568,556.8836,564.9181,9916649
2021-08-23,V,284.7863,287.8776,280.2367,283.7836,53646670
2021-08-23,XOM,39.8609,40.7096,39.7245,40.5695,44778127
2021-08-30,AAPL,148.2731,148.4147,138.1196,139.3422,18484991
2021-08-30,AMZN,1464.4024,1484.4746,1430.9594,1432.1566,48908007
2021-08-30,BRK-B,374.4236,379.883,366.9382,369.5718,52240408
2021-08-30,GOOGL,2551.0809,2596.7123,2424.8795,2483.7976,77427147
2021-08-30,HD,377.2298,387.6177,368.7315,386.0084,28577652
2021-08-30,JNJ,165.9788,166.9826,165.4075,166.2861,21926734
2021-08-30,JPM,232.2408,235.2063,228.1167,231.774,43399300
2021-08-30,MA,389.3818,389.4696,363.1658,367.4471,16395613
2021-08-30,META,769.4924,891.2986,760.4821,872.7379,31461448
2021-08-30,MSFT,207.8627,210.028,189.3603,193.4193,71250855
2021-08-30,NVDA,256.0208,265.3649,251.4331,262.0293,109861769
2021-08-30,PG,166.8914,172.095,165.5894,171.0425,130444227
2021-08-30,UNH,566.9693,574.4826,552.4809,559.7087,21429106
2021-08-30,V,279.9799,287.3529,278.724,286.8163,76251113
2021-08-30,XOM,40.2487,41.4544,39.7153,41.0644,51318915
2021-09-06,AAPL,139.9486,144.9807,138.8517,143.0975,24146888
2021-09-06,AMZN,1406.4932,1428.8124,1387.7481,1414.5631,56672850
2021-09-06,BRK-B,372.9129,374.3669,360.2187,361.0816,61913692
2021-09-06,GOOGL,2464.8632,2519.2288,2422.2881,2493.5579,65249670
2021-09-06,HD,383.765,406.1306,380.0113,404.274,40153844
2021-09-06,JNJ,166.6439,167.0999,160.1781,160.932,17612491
2021-09-06,JPM,232.2485,235.6458,229.9401,233.7907,17015244
2021-09-06,MA,364.569,370.3107,344.2927,344.8092,30388195
2021-09-06,META,866.4588,910.7947,776.7233,798.6788,19729618
2021-09-06,MSFT,193.4553,202.4021,193.4492,202.2526,76842559
2021-09-06,NVDA,262.3055,271.5189,248.8682,261.0149,98829616
2021-09-06,PG,170.0527,170.0925,168.3592,169.6567,73571242
2021-09-06,UNH,558.7691,580.8437,556.0723,577.3181,12548580
2021-09-06,V,283.8347,291.9514,280.3497,285.3703,52615320
2021-09-06,XOM,41.0707,43.1928,40.5491,42.2511,56605787
2021-09-13,AAPL,144.0315,151.1793,142.4076,150.6627,22636848
2021-09-13,AMZN,1432.2606,1433.4571,1257.993,1305.5209,25687629
2021-09-13,BRK-B,360.2159,371.9274,358.0671,371.7734,68869558
2021-09-13,GOOGL,2503.0112,2520.2466,2428.7821,2481.0837,50793287
2021-09-13,HD,404.459,417.3806,393.5216,414.0277,32285856
2021-09-13,JNJ,162.9727,163.1257,156.2397,158.082,18710862
2021-09-13,JPM,234.1852,236.6929,230.7859,231.8546,24366203
2021-09-13,MA,346.8851,363.573,343.1679,352.3224,24673966
2021-09-13,META,796.896,835.9367,795.9001,832.2452,20988933
2021-09-13,MSFT,201.7345,201.7575,185.1801,186.1901,46677033
2021-09-13,NVDA,257.2944,277.0234,255.689,275.7465,108531401
2021-09-13,PG,169.8743,171.7045,166.8953,167.7612,46003155
2021-09-13,UNH,576.0102,603.8519,565.1875,583.3099,10913213
2021-09-13,V,286.3077,288.3641,273.6539,277.5233,62568348
2021-09-13,XOM,42.0701,45.8872,41.9926,45.6485,47236596
2021-09-20,AAPL,150.2636,154.0733,149.4411,152.324,9821430
2021-09-20,AMZN,1294.0895,1318.7712,1192.9152,1201.6474,35174278
2021-09-20,BRK-B,375.5469,387.7083,371.6364,383.3001,73693419
2021-09-20,GOOGL,2482.6047,2528.2297,2392.1258,2451.4647,77163418
2021-09-20,HD,414.9148,418.1868,409.1839,409.4309,72731363
2021-09-20,JNJ,157.3458,157.867,152.7206,153.795,13261571
2021-09-20,JPM,234.8397,236.0717,217.217,218.1209,44272691
2021-09-20,MA,352.0185,354.2592,351.9383,353.6313,15978109
2021-09-20,META,841.2867,846.7425,778.6568,806.9153,37658857
2021-09-20,MSFT,187.0334,187.2857,182.5987,183.896,50757725
2021-09-20,NVDA,277.055,289.4823,256.4554,270.4785,97171063
2021-09-20,PG,168.6871,174.4951,168.1276,174.3196,73158620
2021-09-20,UNH,583.619,586.0966,577.4857,579.024,19596546
2021-09-20,V,278.8312,287.006,278.3947,281.7028,103974921
2021-09-20,XOM,45.9724,46.2169,44.8896,45.3002,34060036
2021-09-27,AAPL,151.8418,153.5486,139.8574,143.2155,10533109
2021-09-27,AMZN,1196.1088,1216.2995,1159.6341,1165.2766,50187497
2021-09-27,BRK-B,383.2524,383.7465,376.7078,378.8641,61592789
2021-09-27,GOOGL,2455.6174,2521.5327,2407.4924,2484.1977,39408022
2021-09-27,HD,407.2831,411.1632,406.0402,410.6512,81171244
2021-09-27,JNJ,153.5598,155.8212,153.1055,155.6219,8453491
2021-09-27,JPM,217.1575,218.295,212.9259,214.8091,23471628
2021-09-27,MA,354.6434,359.3055,352.3023,355.8158,30956892
2021-09-27,META,803.5048,876.2949,803.4065,874.917,37366308
2021-09-27,MSFT,184.0259,184.0285,177.6699,180.5001,109356508
2021-09-27,NVDA,268.8584,283.3585,254.9181,268.8857,53604788
2021-09-27,PG,176.0128,178.2691,175.0648,176.6541,77917668
2021-09-27,UNH,576.82,580.1282,541.7976,556.3975,10561258
2021-09-27,V,282.6039,285.8958,276.0833,276.7282,79897668
2021-09-27,XOM,45.1815,47.6293,44.745,46.7086,49530727
2021-10-04,AAPL,143.5834,144.0284,133.3935,133.9804,22773406
2021-10-04,AMZN,1167.1059,1170.8303,1093.6096,1117.4659,45862399
2021-10-04,BRK-B,377.0233,381.3191,370.4063,371.9547,60411801
2021-10-04,GOOGL,2464.7718,2519.3008,2425.1529,2496.5454,100764843
2021-10-04,HD,409.7595,422.3544,405.2512,420.6216,27889006
2021-10-04,JNJ,155.8067,159.3985,155.5723,157.2063,11423666
2021-10-04,JPM,212.9391,226.4112,211.9801,223.6475,36632082
2021-10-04,MA,362.4581,379.0583,360.3,370.5045,18237329
2021-10-04,META,878.7781,881.1421,797.3933,809.8731,21379745
2021-10-04,MSFT,180.1902,180.5516,169.7686,171.8092,84946846
2021-10-04,NVDA,273.0943,298.5898,268.8422,297.1976,57131560
2021-10-04,PG,176.0348,177.9913,171.1247,171.8021,103267540
2021-10-04,UNH,555.9338,577.0195,553.8251,572.9837,16932438
2021-10-04,V,276.9793,277.1871,269.6106,269.8018,71667451
2021-10-04,XOM,46.4697,47.8533,46.3378,46.8994,54967249
2021-10-11,AAPL,134.5945,136.1405,134.0344,135.1725,17718322
2021-10-11,AMZN,1097.6671,1125.104,1049.1226,1069.7134,42532939
2021-10-11,BRK-B,369.0414,374.4825,369.0274,373.4474,75379522
2021-10-11,GOOGL,2510.0446,2546.9835,2333.5277,2333.6914,64223334
2021-10-11,HD,422.1806,429.7984,418.5304,422.1957,78059138
2021-10-11,JNJ,156.7272,159.8042,156.1098,159.1927,15645284
2021-10-11,JPM,225.3003,227.7976,223.9302,226.9239,21707399
2021-10-11,MA,368.8549,401.1704,368.3324,398.9788,20184232
2021-10-11,META,812.6988,828.1003,811.768,826.7265,31142695
2021-10-11,MSFT,174.6423,175.7392,165.9281,166.8535,87745784
2021-10-11,NVDA,295.7732,332.0997,286.571,311.6234,60262684
2021-10-11,PG,171.7902,172.2626,169.9913,170.8772,90307534
2021-10-11,UNH,572.36,597.3339,565.828,596.037,19600427
2021-10-11,V,268.8806,275.194,263.7188,267.045,92403642
2021-10-11,XOM,46.3917,48.0779,46.1704,47.7314,28934842
2021-10-18,AAPL,135.0496,137.5949,133.2785,136.8634,24348936
2021-10-18,AMZN,1074.8679,1107.466,1007.0693,1032.1037,39666077
2021-10-18,BRK-B,373.7722,382.8771,371.846,380.4996,62967202
2021-10-18,GOOGL,2325.975,2338.8565,2301.0451,2306.8247,99309142
2021-10-18,HD,420.1756,432.2964,417.3996,431.4913,43615030
2021-10-18,JNJ,159.4133,161.9263,156.9255,161.3872,21436325
2021-10-18,JPM,228.5988,239.9347,227.1526,238.2314,36528662
2021-10-18,MA,399.1724,399.273,391.6963,397.5397,32671629
2021-10-18,META,825.7179,838.2687,817.3206,824.2515,19814755
2021-10-18,MSFT,166.0186,166.1363,153.8965,155.9825,84532827
2021-10-18,NVDA,310.0411,314.2256,309.0096,312.2888,76374580
2021-10-18,PG,170.8487,171.2121,167.8783,168.2104,132030542
2021-10-18,UNH,592.2643,622.6897,591.4589,610.0177,17858859
2021-10-18,V,264.1571,265.6932,262.2991,263.1917,72347595
2021-10-18,XOM,48.0272,48.6304,47.5145,47.928,29790608
2021-10-25,AAPL,136.3317,137.8589,130.2707,130.3868,25558262
2021-10-25,AMZN,1032.6122,1121.0234,1014.911,1110.7767,56173873
2021-10-25,BRK-B,379.231,389.2882,378.5423,388.2582,85498523
2021-10-25,GOOGL,2316.234,2327.0681,2252.3493,2266.6157,86806002
2021-10-25,HD,430.7914,431.1066,400.5404,403.9164,62351344
2021-10-25,JNJ,162.9665,164.532,160.6525,161.6351,16973606
2021-10-25,JPM,238.089,238.8417,231.7864,232.5715,25726960
2021-10-25,MA,393.1434,400.4261,389.3776,395.3502,23950514
2021-10-25,META,827.2171,835.6513,794.806,807.9982,17752794
2021-10-25,MSFT,156.3141,158.7007,155.1805,156.9423,93727469
2021-10-25,NVDA,304.5403,313.8495,300.9976,312.8286,114701770
2021-10-25,PG,168.9583,175.0169,168.5329,174.4496,108036387
2021-10-25,UNH,620.265,642.188,611.8273,641.7948,19100608
2021-10-25,V,262.5252,273.8786,257.9449,273.3822,53890497
2021-10-25,XOM,47.8456,49.0518,45.9913,46.3687,21843146
2021-11-01,AAPL,130.9669,131.7645,130.6042,130.7761,25740802
2021-11-01,AMZN,1099.3435,1123.8457,1086.7272,1110.9798,34360007
2021-11-01,BRK-B,387.5335,421.4395,386.0976,419.9839,67809155
2021-11-01,GOOGL,2266.6009,2268.3489,2048.7748,2087.7459,103289038
2021-11-01,HD,403.2485,408.0364,396.8653,398.2452,47251153
2021-11-01,JNJ,161.3964,161.6528,159.8906,160.0719,17330873
2021-11-01,JPM,232.6486,233.424,225.3878,225.8239,38859863
2021-11-01,MA,395.616,399.281,391.3793,393.2018,26785906
2021-11-01,META,807.3062,814.1677,750.4879,766.9339,23830746
2021-11-01,MSFT,156.2666,160.8072,155.9689,160.5426,53525700
2021-11-01,NVDA,303.1671,351.0565,291.1601,326.674,44858502
2021-11-01,PG,175.865,175.9256,171.1261,173.3401,88996360
2021-11-01,UNH,635.801,641.9827,629.2957,632.3606,17900456
2021-11-01,V,271.2308,272.0854,263.5076,267.0333,80742041
2021-11-01,XOM,46.206,46.4353,45.9596,45.9759,58989940
2021-11-08,AAPL,129.6394,133.7827,129.2996,133.6918,21693803
2021-11-08,AMZN,1097.2727,1105.3621,1074.4239,1099.0081,55363208
2021-11-08,BRK-B,420.7805,423.4346,406.0377,407.1864,60675894
2021-11-08,GOOGL,2087.653,2091.3542,1909.1596,1918.3954,102923379
2021-11-08,HD,397.8033,402.8738,394.7953,397.3918,47674084
2021-11-08,JNJ,158.4708,164.2983,158.0411,164.217,11513778
2021-11-08,JPM,225.4974,240.6087,224.6119,239.1835,42488784
2021-11-08,MA,393.5529,395.3407,384.0424,384.7049,24598450
2021-11-08,META,765.4475,774.6747,745.9907,747.5142,34534130
2021-11-08,MSFT,161.6007,162.0529,158.6105,159.9184,56968269
2021-11-08,NVDA,323.5557,328.1204,308.8202,309.8851,115667696
2021-11-08,PG,173.3632,175.7275,171.8523,175.3819,108712389
2021-11-08,UNH,640.3745,656.4335,598.0896,610.2285,9616586
2021-11-08,V,268.7268,270.1729,254.6017,257.3083,52325727
2021-11-08,XOM,45.523,48.5999,45.051,46.705,44463873
2021-11-15,AAPL,135.7462,138.9932,134.1585,134.811,25305629
2021-11-15,AMZN,1088.6606,1117.034,1074.2547,1103.847,38843249
2021-11-15,BRK-B,404.9269,414.3067,400.8458,408.0177,86853217
2021-11-15,GOOGL,1914.2191,2053.2324,1893.7358,1994.7477,48505270
2021-11-15,HD,398.9386,401.1176,397.9412,397.9917,35507706
2021-11-15,JNJ,164.317,165.4887,161.9759,163.2285,11341391
2021-11-15,JPM,239.7729,247.7059,238.2338,239.5077,37197743
2021-11-15,MA,383.037,405.8446,380.6697,396.8304,14575314
2021-11-15,META,747.5576,759.8659,739.9425,755.3318,38467135
2021-11-15,MSFT,159.2452,172.8698,157.9691,170.9476,56315638
2021-11-15,NVDA,303.2082,307.0463,263.1791,285.3738,96756452
2021-11-15,PG,174.1345,176.7378,170.832,172.7477,101340710
2021-11-15,UNH,611.7754,617.5165,590.949,591.5819,15103373
2021-11-15,V,254.2147,256.8081,249.8022,251.4987,57541699
2021-11-15,XOM,47.0324,48.131,46.9498,47.0093,36873783
2021-11-22,AAPL,134.3615,137.0862,120.6779,122.3309,22223601
2021-11-22,AMZN,1113.4641,1130.6865,1073.8394,1084.8005,21523075
2021-11-22,BRK-B,407.9201,408.2294,407.0046,407.8257,84381748
2021-11-22,GOOGL,2009.5596,2082.6372,1952.0237,2050.2321,102339282
2021-11-22,HD,395.2289,434.6853,393.8582,419.7368,72651472
2021-11-22,JNJ,163.8552,168.2095,163.3759,167.4525,16453848
2021-11-22,JPM,239.5596,242.9527,239.5025,242.4566,30257238
2021-11-22,MA,395.4775,396.8013,394.9307,395.4236,32668390
2021-11-22,META,757.6269,786.6423,707.1305,720.6696,34929500
2021-11-22,MSFT,170.8705,171.6862,167.4048,168.2371,68564628
2021-11-22,NVDA,274.8586,313.9143,263.69,301.2946,115114044
2021-11-22,PG,172.4976,173.7548,166.812,168.7732,126154425
2021-11-22,UNH,593.9107,637.538,593.5222,621.3079,19990060
2021-11-22,V,252.6144,256.9101,252.3452,256.465,85050812
2021-11-22,XOM,47.1204,51.0003,46.7251,50.409,21834392
2021-11-29,AAPL,122.5614,125.1958,114.9585,116.8643,14213792
2021-11-29,AMZN,1078.6015,1116.6932,1053.6807,1114.377,35776761
2021-11-29,BRK-B,409.7728,413.1745,406.9229,412.6379,33727023
2021-11-29,GOOGL,2051.4939,2092.4473,2017.9073,2032.967,73101536
2021-11-29,HD,420.506,424.8229,406.9215,411.6794,49734988
2021-11-29,JNJ,167.101,174.7031,166.7119,173.6509,17138955
2021-11-29,JPM,241.438,253.3892,240.1611,247.8521,26323534
2021-11-29,MA,393.2359,396.6566,389.8113,396.2312,24577524
2021-11-29,META,714.4502,721.9477,681.1209,687.1242,17642723
2021-11-29,MSFT,168.5235,169.9486,162.514,163.2755,110591694
2021-11-29,NVDA,296.4083,305.6627,285.1602,285.527,68202143
2021-11-29,PG,169.1048,169.3841,163.5788,163.8352,95331970
2021-11-29,UNH,620.0277,655.585,608.4029,647.0662,13222580
2021-11-29,V,256.9268,262.3111,250.7755,259.0982,101078425
2021-11-29,XOM,50.3614,51.7119,50.2488,51.6349,25664612
2021-12-06,AAPL,116.3882,128.5592,114.0001,125.2457,23033798
2021-12-06,AMZN,1106.8623,1119.8333,1014.4394,1015.841,28266909
2021-12-06,BRK-B,411.162,412.2358,407.9345,411.2778,68996298
2021-12-06,GOOGL,2028.0723,2089.2714,1999.7391,2042.4395,57244589
2021-12-06,HD,406.0281,426.9533,400.7399,425.2739,76837808
2021-12-06,JNJ,173.8188,176.7518,173.6189,176.3519,22101712
2021-12-06,JPM,246.8978,247.649,233.5577,235.2481,41971831
2021-12-06,MA,395.2738,406.6599,394.4604,405.3577,25752445
2021-12-06,META,685.0385,688.1619,640.9276,645.5495,38112679
2021-12-06,MSFT,162.41,164.2954,157.1004,159.3997,49543584
2021-12-06,NVDA,287.0801,288.2366,268.8392,269.675,85338973
2021-12-06,PG,163.5792,164.6928,161.6659,164.2211,67034074
2021-12-06,UNH,636.9296,643.8495,632.3254,632.5562,13579485
2021-12-06,V,262.7022,264.4607,247.9721,248.4184,82944250
2021-12-06,XOM,52.5761,55.0233,50.0203,50.4423,57387953
2021-12-13,AAPL,125.5947,129.8789,121.6225,122.8393,23328433
2021-12-13,AMZN,1012.9051,1027.5533,975.0978,982.2074,43805011
2021-12-13,BRK-B,408.9138,416.2538,408.9028,413.3288,62017651
2021-12-13,GOOGL,2025.9464,2069.5047,1988.8402,2045.4154,86785193
2021-12-13,HD,424.7161,428.1327,405.8718,407.0668,69745873
2021-12-13,JNJ,177.4745,177.9564,175.9027,175.9368,12346602
2021-12-13,JPM,237.7668,242.8994,234.2363,240.1192,22043111
2021-12-13,MA,404.9944,415.8374,401.6773,414.2618,18036645
2021-12-13,META,649.713,658.6331,609.2489,613.7752,15329891
2021-12-13,MSFT,161.1712,167.8654,159.361,166.881,43346833
2021-12-13,NVDA,271.8645,277.0896,265.8935,267.0231,41417590
2021-12-13,PG,164.1336,164.857,161.9682,162.7552,115134767
2021-12-13,UNH,634.9274,640.6299,594.8798,595.7246,20217930
2021-12-13,V,248.7013,252.4535,231.8105,232.9958,102497686
2021-12-13,XOM,51.1824,52.3143,48.7594,48.8702,43920124
2021-12-20,AAPL,122.2118,129.9747,120.9649,129.0409,9682970
2021-12-20,AMZN,984.1091,989.7691,952.622,961.2113,44004425
2021-12-20,BRK-B,409.2484,420.4901,407.8092,415.8038,43470461
2021-12-20,GOOGL,2050.7306,2059.3459,1949.3424,1952.2993,53409849
2021-12-20,HD,405.9916,406.8915,381.6644,387.0628,43649458
2021-12-20,JNJ,175.8843,182.3552,174.6168,180.2481,15356661
2021-12-20,JPM,240.3128,246.1886,240.2509,245.1654,42272199
2021-12-20,MA,414.5349,423.6968,408.1917,415.196,25437782
2021-12-20,META,609.6799,617.6242,583.9077,587.6919,31132377
2021-12-20,MSFT,166.3538,170.9482,165.4938,170.0793,53396724
2021-12-20,NVDA,269.4606,271.832,249.1043,251.3681,93675021
2021-12-20,PG,163.528,167.276,162.9465,166.6146,73130454
2021-12-20,UNH,595.2579,631.5609,589.25,627.4786,14566726
2021-12-20,V,233.7639,240.6805,232.9553,240.3585,63510166
2021-12-20,XOM,47.9805,51.2876,46.9335,50.6768,53920263
2021-12-27,AAPL,128.5214,128.7176,119.6093,120.7242,22968476
2021-12-27,AMZN,969.1844,974.1081,838.8093,867.3901,42227494
2021-12-27,BRK-B,416.5609,427.3639,414.4864,427.107,46649332
2021-12-27,GOOGL,1946.593,2011.2263,1932.2889,2008.841,45165496
2021-12-27,HD,389.5125,411.1543,377.5799,405.5814,33350482
2021-12-27,JNJ,180.6213,181.6547,179.9422,180.7286,14248792
2021-12-27,JPM,245.0371,246.3151,226.7083,228.0832,15575548
2021-12-27,MA,417.0126,418.5462,406.4688,412.7605,28635682
2021-12-27,META,583.7357,617.7527,570.5347,607.5563,12968729
2021-12-27,MSFT,170.1786,170.8047,162.17,163.629,50028183
2021-12-27,NVDA,256.5043,265.0166,251.5785,252.5052,85478937
2021-12-27,PG,166.7995,167.0095,166.1263,166.9544,56217667
2021-12-27,UNH,625.2781,639.4341,618.4744,638.2969,11327266
2021-12-27,V,242.6137,247.1826,237.3244,241.4481,89931361
2021-12-27,XOM,50.1483,52.6701,49.7489,51.5819,56207927
